Taxon,Phylum,Class,Order,Family,Genus,Other_Taxa,Tribe,FFG,FAM_TV,Habit,FinalTolVal07,Comment,Year_Added
ABLABESMYIA,Arthropoda,Insecta,Diptera,Chironomidae,Ablabesmyia,Tanypodinae,Pentaneurini,Predator,7,sp,8.1,,1995
ACENTRELLA,Arthropoda,Insecta,Ephemeroptera,Baetidae,Acentrella,,,Collector,5,"sw, cn",4.9,,1995
ACERPENNA,Arthropoda,Insecta,Ephemeroptera,Baetidae,Acerpenna,,,Collector,5,"sw, cn",2.6,,1995
ACRONEURIA,Arthropoda,Insecta,Plecoptera,Perlidae,Acroneuria,Acroneuriini,Acroneuriini,Predator,2,cn,2.5,,1995
AEDES,Arthropoda,Insecta,Diptera,Culicidae,Aedes,Culicini,Culicini,Filterer,8,sw,8,,1995
AESHNIDAE,Arthropoda,Insecta,Odonata,Aeshnidae,,,,Predator,3,cb,6.2,,1995
AGABUS,Arthropoda,Insecta,Coleoptera,Dytiscidae,Agabus,,,Predator,5,"sw, dv",5.4,,1995
AGAPETUS,Arthropoda,Insecta,Trichoptera,Glossosomatidae,Agapetus,,,Scraper,1,cn,2,,1995
ALLOCAPNIA,Arthropoda,Insecta,Plecoptera,Capniidae,Allocapnia,,,Shredder,2,cn,4.2,,1995
ALLOPERLA,Arthropoda,Insecta,Plecoptera,Chloroperlidae,Alloperla,,,Predator,1,cn,1.6,,1995
AMELETUS,Arthropoda,Insecta,Ephemeroptera,Ameletidae,Ameletus,,,Collector,0,"sw, cb",2.6,,1995
AMNICOLA,Mollusca,Gastropoda,Neotaenioglossa,Hydrobiidae,Amnicola,,,Scraper,8,cb,8,,1995
AMPHINEMURA,Arthropoda,Insecta,Plecoptera,Nemouridae,Amphinemura,,,Shredder,2,"sp, cn",3,,1995
AMPHIPODA,Arthropoda,Malacostraca,Amphipoda,,,Crustacea,,,,sp,6,,1995
ANCHYTARSUS,Arthropoda,Insecta,Coleoptera,Ptilodactylidae,Anchytarsus,,,Shredder,4,cn,3.1,,1995
ANCYLIDAE,Mollusca,Gastropoda,Basommatophora,Ancylidae,,Mollusca,,Scraper,7,cb,7,,1995
ANCYRONYX,Arthropoda,Insecta,Coleoptera,Elmidae,Ancyronyx,,,Scraper,5,"cn, sp",7.8,,1995
ANTOCHA,Arthropoda,Insecta,Diptera,Tipulidae,Antocha,,,Collector,4,cn,8,,1995
APSECTROTANYPUS,Arthropoda,Insecta,Diptera,Chironomidae,Apsectrotanypus,Tanypodinae,Macropelopiini,Predator,7,"bu, sp",6.6,,1995
ARGIA,Arthropoda,Insecta,Odonata,Coenagrionidae,Argia,,,Predator,8,"cn, cb, sp",9.3,,1995
ARIGOMPHUS,Arthropoda,Insecta,Odonata,Gomphidae,Arigomphus,,,Predator,5,bu,2.2,,1995
ATHERICIDAE,Arthropoda,Insecta,Diptera,Athericidae,,,,,2,"sp, bu",2,,1995
ATHERIX,Arthropoda,Insecta,Diptera,Athericidae,Atherix,,,Predator,2,"sp, bu",2,,1995
BAETIDAE,Arthropoda,Insecta,Ephemeroptera,Baetidae,,,,Collector,5,"sw, cn",2.3,,1995
BAETIS,Arthropoda,Insecta,Ephemeroptera,Baetidae,Baetis,,,Collector,5,"sw, cb, cn",3.9,,1995
BASIAESCHNA,Arthropoda,Insecta,Odonata,Aeshnidae,Basiaeschna,,,Predator,3,"cb, sp, cn",6.2,,1995
BELOSTOMA,Arthropoda,Insecta,Hemiptera,Belostomatidae,Belostoma,,,Predator,10,"cb, sw",10,,1995
BELOSTOMATIDAE,Arthropoda,Insecta,Hemiptera,Belostomatidae,,,,,10,,10,,1995
BEROSUS,Arthropoda,Insecta,Coleoptera,Hydrophilidae,Berosus,,,Collector,5,"sw, dv, cb",4.1,,1995
BEZZIA,Arthropoda,Insecta,Diptera,Ceratopogonidae,Bezzia,,,Predator,6,bu,3.3,,1995
BITHYNIA,Mollusca,Gastropoda,Neotaenioglossa,Bithyniidae,Bithynia,,,Scraper,8,cb,9,,1995
BITHYNIIDAE,Mollusca,Gastropoda,Mesogastropoda,Bithyniidae,,,,,8,,,,1995
BLEPHARICERA,Arthropoda,Insecta,Diptera,Blephariceridae,Blepharicera,,,Scraper,0,cn,4,,1995
BLEPHARICERIDAE,Arthropoda,Insecta,Diptera,Blephariceridae,,,,,0,,0,,1995
BOYERIA,Arthropoda,Insecta,Odonata,Aeshnidae,Boyeria,,,Predator,3,"cb, sp",6.3,,1995
BRACHYCENTRUS,Arthropoda,Insecta,Trichoptera,Brachycentridae,Brachycentrus,,,Filterer,1,cn,2.3,,1995
BRILLIA,Arthropoda,Insecta,Diptera,Chironomidae,Brillia,Orthocladiinae,,Shredder,7,"bu, sp",7.4,,1995
CAECIDOTEA,Arthropoda,Malacostraca,Isopoda,Asellidae,Caecidotea,Crustacea,,Collector,8,sp,2.6,,1995
CAENIDAE,Arthropoda,Insecta,Ephemeroptera,Caenidae,,,,,7,,7,,1995
CAENIS,Arthropoda,Insecta,Ephemeroptera,Caenidae,Caenis,,,Collector,7,sp,2.1,,1995
CALLIBAETIS,Arthropoda,Insecta,Ephemeroptera,Baetidae,Callibaetis,,,Collector,5,"sw, cn",2.3,,1995
CALOPTERYX,Arthropoda,Insecta,Odonata,Calopterygidae,Calopteryx,,,Predator,5,cb,8.3,,1995
CAMBARIDAE,Arthropoda,Malacostraca,Decapoda,Cambaridae,,Crustacea,,Shredder,6,sp,2.8,,1995
CAMBARUS,Arthropoda,Malacostraca,Decapoda,Cambaridae,Cambarus,Crustacea,,Collector,6,sp,0.4,,1995
CAMPELOMA,Mollusca,Gastropoda,Architaenioglossa,Viviparidae,Campeloma,Mollusca,,Scraper,6,cb,6,,1995
CAPNIIDAE,Arthropoda,Insecta,Plecoptera,Capniidae,,,,Shredder,2,"sp, cn",3.7,,1995
CARDIOCLADIUS,Arthropoda,Insecta,Diptera,Chironomidae,Cardiocladius,Orthocladiinae,,Predator,7,"bu, cn",10,,1995
CENTROPTILUM,Arthropoda,Insecta,Ephemeroptera,Baetidae,Centroptilum,,,Collector,5,"sw, cn",2.3,"Key Change for Baetidae, possibly from Baetis, split",1995
CERACLEA,Arthropoda,Insecta,Trichoptera,Leptoceridae,Ceraclea,Athripsodini,Athripsodini,Collector,4,"sp, cb",4.1,,1995
CERATOPOGON,Arthropoda,Insecta,Diptera,Ceratopogonidae,Ceratopogon,,,Predator,6,"sp, bu",2.7,,1995
CERATOPOGONIDAE,Arthropoda,Insecta,Diptera,Ceratopogonidae,,,,Predator,6,"sp, bu",3.6,,1995
CHAOBORUS,Arthropoda,Insecta,Diptera,Chaoboridae,Chaoborus,,,Predator,,"sp, sw",4,,1995
CHELIFERA,Arthropoda,Insecta,Diptera,Empididae,Chelifera,Hemerodromiini,Hemerodromiini,Predator,6,"sp, bu",7.1,,1995
CHEUMATOPSYCHE,Arthropoda,Insecta,Trichoptera,Hydropsychidae,Cheumatopsyche,,,Filterer,5,cn,6.5,,1995
CHIMARRA,Arthropoda,Insecta,Trichoptera,Philopotamidae,Chimarra,,,Filterer,3,cn,4.4,,1995
CHIRONOMINAE,Arthropoda,Insecta,Diptera,Chironomidae,,Chironominae,,Collector,7,,6.6,,1995
CHIRONOMUS,Arthropoda,Insecta,Diptera,Chironomidae,Chironomus,Chironominae,Chironomini,Collector,7,bu,4.6,,1995
CHLAENIUS,Arthropoda,Insecta,Coleoptera,Carabidae,Chlaenius,,,,4,,,,1995
CHLOROPERLIDAE,Arthropoda,Insecta,Plecoptera,Chloroperlidae,,,,Predator,1,cn,1.6,,1995
CHRYSOPS,Arthropoda,Insecta,Diptera,Tabanidae,Chrysops,,,Predator,6,"sp, bu",2.9,,1995
CINYGMULA,Arthropoda,Insecta,Ephemeroptera,Heptageniidae,Cinygmula,,,Scraper,3,cn,1.6,,1995
CLADOCERA,Arthropoda,Crustacea,Cladocera,,,,,Filterer,8,,8,,1995
CLADOPELMA,Arthropoda,Insecta,Diptera,Chironomidae,Cladopelma,Chironominae,Chironomini,Collector,7,bu,6.6,,1995
CLADOTANYTARSUS,Arthropoda,Insecta,Diptera,Chironomidae,Cladotanytarsus,Chironominae,Tanytarsini,Filterer,7,,6.6,,1995
CLIMACIA,Arthropoda,Insecta,Neuroptera,Sisyridae,Climacia,,,Predator,,cb,,,1995
CLINOCERA,Arthropoda,Insecta,Diptera,Empididae,Clinocera,,,Predator,6,cn,7.4,,1995
CLINOTANYPUS,Arthropoda,Insecta,Diptera,Chironomidae,Clinotanypus,Tanypodinae,Coelotanypodini,Predator,7,bu,6.6,,1995
CLIOPERLA,Arthropoda,Insecta,Plecoptera,Perlodidae,Clioperla,,,Predator,2,cn,1.7,,1995
COENAGRIONIDAE,Arthropoda,Insecta,Odonata,Coenagrionidae,,,,Predator,8,cb,9,,1995
COLLEMBOLA,Arthropoda,Collembola,Collembola,,,,,,,,6,,1995
CONCHAPELOPIA,Arthropoda,Insecta,Diptera,Chironomidae,Conchapelopia,Tanypodinae,Pentaneurini,Predator,7,sp,6.1,,1995
COPEPODA,Arthropoda,Crustacea,Copepoda,,,,,Collector,8,,8,,1995
CORBICULA,Mollusca,Bivalvia,Veneroida,Corbiculidae,Corbicula,Mollusca,,Filterer,6,bu,6,,1995
CORBICULIDAE,Mollusca,Bivalvia,Veneroida,Corbiculidae,,,,Filterer,6,,6,,1995
CORDULEGASTER,Arthropoda,Insecta,Odonata,Cordulegastridae,Cordulegaster,,,Predator,3,bu,2.4,,1995
CORDULEGASTRIDAE,Arthropoda,Insecta,Odonata,Cordulegastridae,,,,Predator,3,,3,,1995
CORIXIDAE,Arthropoda,Insecta,Hemiptera,Corixidae,,,,Predator,5,sw,5.6,,1995
CORYDALUS,Arthropoda,Insecta,Megaloptera,Corydalidae,Corydalus,,,Predator,2,"cn, cb",1.4,,1995
CORYNONEURA,Arthropoda,Insecta,Diptera,Chironomidae,Corynoneura,Orthocladiinae,,Collector,7,sp,4.1,,1995
COSMOPTERYGIDAE,Arthropoda,Insecta,Lepidoptera,Cosmopterygidae,,,,Shredder,6,,6,,1995
CRANGONYCTIDAE,Arthropoda,Malacostraca,Amphipoda,Crangonyctidae,,,,Collector,4,sp,6.5,,1995
CRANGONYX,Arthropoda,Malacostraca,Amphipoda,Crangonyctidae,Crangonyx,Crustacea,,Collector,4,sp,6.7,,1995
CRICOTOPUS,Arthropoda,Insecta,Diptera,Chironomidae,Cricotopus,Orthocladiinae,,Shredder,7,"cn, bu",9.6,,1995
CRICOTOPUS/ORTHOCLADIUS,Arthropoda,Insecta,Diptera,Chironomidae,Cricotopus/Orthocladius,Orthocladiinae,,Shredder,7,,7.7,,1995
CRYPTOCHIRONOMUS,Arthropoda,Insecta,Diptera,Chironomidae,Cryptochironomus,Chironominae,Chironomini,Predator,7,"sp, bu",7.6,,1995
CRYPTOLABIS,Arthropoda,Insecta,Diptera,Tipulidae,Cryptolabis,,,,4,bu,4.8,,1995
CULICOIDES,Arthropoda,Insecta,Diptera,Ceratopogonidae,Culicoides,,,Predator,6,bu,5.9,,1995
CULTUS,Arthropoda,Insecta,Plecoptera,Perlodidae,Cultus,Diploperlini,Diploperlini,Predator,2,cn,2.2,,1995
CURA,Platyhelminthes,Turbellaria,Tricladida,Dugesiidae,Cura,,,,6,sp,6.5,,1995
CYPHON,Arthropoda,Insecta,Coleoptera,Scirtidae,Cyphon,,,Scraper,7,cb,7,,1995
DAPHNIA,Arthropoda,Malacostraca,Cladocera,Daphniidae,Daphnia,,,,,,,,1995
DAPHNIIDAE,Arthropoda,Malacostraca,Cladocera,Daphniidae,,,,,,,,,1995
DERONECTES,Arthropoda,Insecta,Coleoptera,Dytiscidae,Deronectes,,,Predator,5,sw,5.4,,1995
DEROVATELLUS,Arthropoda,Insecta,Coleoptera,Dytiscidae,Derovatellus,,,Predator,5,"sw, dv",5.4,,1995
DIAMESA,Arthropoda,Insecta,Diptera,Chironomidae,Diamesa,Diamesinae,Diamesini,Collector,7,sp,8.5,,1995
DIAMESINAE,Arthropoda,Insecta,Diptera,Chironomidae,,Diamesinae,Diamesini,Collector,7,,7.1,,1995
DICRANOTA,Arthropoda,Insecta,Diptera,Tipulidae,Dicranota,,,Predator,4,"sp, bu",1.1,,1995
DICROTENDIPES,Arthropoda,Insecta,Diptera,Chironomidae,Dicrotendipes,Chironominae,Chironomini,Collector,7,bu,9,,1995
DINEUTUS,Arthropoda,Insecta,Coleoptera,Gyrinidae,Dineutus,,,Predator,4,"sw, dv",4,,1995
DIPHETOR,Arthropoda,Insecta,Ephemeroptera,Baetidae,Diphetor,,,Collector,5,"sw, cn",2.3,,1995
DIPLECTRONA,Arthropoda,Insecta,Trichoptera,Hydropsychidae,Diplectrona,,,Filterer,5,cn,2.7,,1995
DIPLOCLADIUS,Arthropoda,Insecta,Diptera,Chironomidae,Diplocladius,Orthocladiinae,,Collector,7,sp,5.9,,1995
DIPLOPERLA,Arthropoda,Insecta,Plecoptera,Perlodidae,Diploperla,Diploperlini,Diploperlini,Predator,2,cn,2.2,,1995
DIPSEUDOPSIDAE,Arthropoda,Insecta,Trichoptera,Dipseudopsidae,,,,,5,,5,,1995
DIPTERA,Arthropoda,Insecta,Diptera,,,,,,,,6,,1995
DIXA,Arthropoda,Insecta,Diptera,Dixidae,Dixa,,,Predator,4,"sw, cb",5.8,,1995
DOLOPHILODES,Arthropoda,Insecta,Trichoptera,Philopotamidae,Dolophilodes,,,Filterer,3,cn,1.7,,1995
DROMOGOMPHUS,Arthropoda,Insecta,Odonata,Gomphidae,Dromogomphus,,,Predator,5,bu,2.2,,1995
DRUNELLA,Arthropoda,Insecta,Ephemeroptera,Ephemerellidae,Drunella,,,Scraper,2,"cn, sp",1.9,,1995
DRYOPIDAE,Arthropoda,Insecta,Coleoptera,Dryopidae,,,,,5,,5,,1995
DUBIRAPHIA,Arthropoda,Insecta,Coleoptera,Elmidae,Dubiraphia,,,Scraper,5,"cn, cb",5.7,,1995
DYTISCIDAE,Arthropoda,Insecta,Coleoptera,Dytiscidae,,,,Predator,5,"sw, dv",5.4,,1995
ECCOPTURA,Arthropoda,Insecta,Plecoptera,Perlidae,Eccoptura,Acroneuriini,Acroneuriini,Predator,2,cn,0.6,,1995
ECTOPRIA,Arthropoda,Insecta,Coleoptera,Psephenidae,Ectopria,,,Scraper,4,cn,2.2,,1995
ELMIDAE,Arthropoda,Insecta,Coleoptera,Elmidae,,,,Collector,5,cn,4.8,,1995
EMPIDIDAE,Arthropoda,Insecta,Diptera,Empididae,,,,Predator,6,"sp, bu",7.5,,1995
ENALLAGMA,Arthropoda,Insecta,Odonata,Coenagrionidae,Enallagma,,,Predator,8,cb,9,,1995
ENCHYTRAEIDAE,Annelida,Oligochaeta,Haplotaxida,Enchytraeidae,,,,Collector,10,bu,9.1,,1995
ENDOCHIRONOMUS,Arthropoda,Insecta,Diptera,Chironomidae,Endochironomus,Chironominae,Chironomini,Shredder,7,cn,6.2,,1995
EPEORUS,Arthropoda,Insecta,Ephemeroptera,Heptageniidae,Epeorus,,,Scraper,3,cn,1.7,,1995
EPHEMERA,Arthropoda,Insecta,Ephemeroptera,Ephemeridae,Ephemera,,,Collector,4,bu,3,,1995
EPHEMERELLA,Arthropoda,Insecta,Ephemeroptera,Ephemerellidae,Ephemerella,,,Collector,2,"cn, sw",2.3,,1995
EPHEMERELLIDAE,Arthropoda,Insecta,Ephemeroptera,Ephemerellidae,,,,,2,"cn, sp, sw",2.6,,1995
EPHEMEROPTERA,Arthropoda,Insecta,Ephemeroptera,,,,,Collector,,,2.9,,1995
ERPETOGOMPHUS,Arthropoda,Insecta,Odonata,Gomphidae,Erpetogomphus,,,Predator,5,bu,2.2,,1995
EUKIEFFERIELLA,Arthropoda,Insecta,Diptera,Chironomidae,Eukiefferiella,Orthocladiinae,,Collector,7,sp,6.1,,1995
EURYLOPHELLA,Arthropoda,Insecta,Ephemeroptera,Ephemerellidae,Eurylophella,,,Scraper,2,"cn, sp",4.5,,1995
FERRISSIA,Mollusca,Gastropoda,Basommatophora,Ancylidae,Ferrissia,Mollusca,,Scraper,7,cb,7,,1995
FOSSARIA,Mollusca,Gastropoda,Basommatophora,Lymnaeidae,Fossaria,,,Scraper,6,cb,6.9,,1995
GAMMARUS,Arthropoda,Malacostraca,Amphipoda,Gammaridae,Gammarus,Crustacea,,Shredder,6,sp,6.7,,1995
GLOSSOSOMA,Arthropoda,Insecta,Trichoptera,Glossosomatidae,Glossosoma,Glossosomatini,Glossosomatini,Scraper,1,cn,0,,1995
GLOSSOSOMATIDAE,Arthropoda,Insecta,Trichoptera,Glossosomatidae,,,,Scraper,1,cn,1,,1995
GLYPTOTENDIPES,Arthropoda,Insecta,Diptera,Chironomidae,Glyptotendipes,Chironominae,Chironomini,Filterer,7,"bu, cn",6.6,,1995
GOMPHIDAE,Arthropoda,Insecta,Odonata,Gomphidae,,,,Predator,5,bu,2.2,,1995
GOMPHUS,Arthropoda,Insecta,Odonata,Gomphidae,Gomphus,,,Predator,5,bu,2.2,,1995
GYRAULUS,Mollusca,Gastropoda,Basommatophora,Planorbidae,Gyraulus,Mollusca,,Scraper,7,cb,7.6,,1995
HABROPHLEBIA,Arthropoda,Insecta,Ephemeroptera,Leptophlebiidae,Habrophlebia,,,Collector,3,"sw, cn, sp",1.7,,1995
HALIPLIDAE,Arthropoda,Insecta,Coleoptera,Haliplidae,,,,,5,,5,,1995
HALIPLUS,Arthropoda,Insecta,Coleoptera,Haliplidae,Haliplus,,,Shredder,5,cb,9,,1995
HAPLOPERLA,Arthropoda,Insecta,Plecoptera,Chloroperlidae,Haploperla,,,Predator,1,cn,1.6,,1995
HELENIELLA,Arthropoda,Insecta,Diptera,Chironomidae,Heleniella,Orthocladiinae,,Predator,7,sp,0.9,,1995
HELICHUS,Arthropoda,Insecta,Coleoptera,Dryopidae,Helichus,,,Scraper,5,cn,6.4,,1995
HELISOMA,Mollusca,Gastropoda,Basommatophora,Planorbidae,Helisoma,Mollusca,,Scraper,7,cb,7.6,,1995
HELIUS,Arthropoda,Insecta,Diptera,Tipulidae,Helius,,,Predator,4,"sp, bu",3.6,,1995
HEMERODROMIA,Arthropoda,Insecta,Diptera,Empididae,Hemerodromia,Hemerodromiini,Hemerodromiini,Predator,6,"sp, bu",7.9,,1995
HEPTAGENIA,Arthropoda,Insecta,Ephemeroptera,Heptageniidae,Heptagenia,,,Scraper,3,"cn, sw",2.6,,1995
HEPTAGENIIDAE,Arthropoda,Insecta,Ephemeroptera,Heptageniidae,,,,Scraper,3,cn,2.6,,1995
HETEROPLECTRON,Arthropoda,Insecta,Trichoptera,Calamoceratidae,Heteroplectron,,,Shredder,3,sp,3,,1995
HETEROTRISSOCLADIUS,Arthropoda,Insecta,Diptera,Chironomidae,Heterotrissocladius,Orthocladiinae,,Collector,7,"sp, bu",2,,1995
HEXATOMA,Arthropoda,Insecta,Diptera,Tipulidae,Hexatoma,,,Predator,4,"bu, sp",1.5,,1995
HIRUDINEA,Annelida,Hirudinea,0,,,,,Predator,8,sp,,,1995
HOMOPLECTRA,Arthropoda,Insecta,Trichoptera,Hydropsychidae,Homoplectra,,,Filterer,5,cn,5.7,,1995
HYALELLA,Arthropoda,Malacostraca,Amphipoda,Hyalellidae,Hyalella,Crustacea,,Shredder,8,sp,4.2,,1995
HYALELLIDAE,Arthropoda,Malacostraca,Amphipoda,Hyalellidae,,,,Shredder,8,,8,,1995
HYDATOPHYLAX,Arthropoda,Insecta,Trichoptera,Limnephilidae,Hydatophylax,Stenophylacini,Stenophylacini,Shredder,4,"sp, cb",3.4,,1995
HYDROBAENUS,Arthropoda,Insecta,Diptera,Chironomidae,Hydrobaenus,Orthocladiinae,,Scraper,7,sp,7.2,,1995
HYDROBIA,Mollusca,Gastropoda,Neotaenioglossa,Hydrobiidae,Hydrobia,,,Scraper,8,cb,8,,1995
HYDROBIIDAE,Mollusca,Gastropoda,Mesogastropoda,Hydrobiidae,,,,Scraper,8,cb,8,,1995
HYDROBIUS,Arthropoda,Insecta,Coleoptera,Hydrophilidae,Hydrobius,,,Collector,5,"cb, cn, sp",4.1,,1995
HYDROCHIDAE,Arthropoda,Insecta,Coleoptera,Hydrochidae,,,,,,,,,1995
HYDROPORUS,Arthropoda,Insecta,Coleoptera,Dytiscidae,Hydroporus,,,Predator,5,"sw, cb",4.6,,1995
HYDROPSYCHE,Arthropoda,Insecta,Trichoptera,Hydropsychidae,Hydropsyche,,,Filterer,5,cn,7.5,,1995
HYDROPSYCHIDAE,Arthropoda,Insecta,Trichoptera,Hydropsychidae,,,,Filterer,5,cn,5.7,,1995
HYDROPTILA,Arthropoda,Insecta,Trichoptera,Hydroptilidae,Hydroptila,Hydroptilini,Hydroptilini,Scraper,4,cn,6,,1995
HYGROTUS,Arthropoda,Insecta,Coleoptera,Dytiscidae,Hygrotus,,,Predator,5,"sw, dv",,,1995
HYMENOPTERA,Arthropoda,Insecta,Hymenoptera,,,,,,,,,,1995
IRONOQUIA,Arthropoda,Insecta,Trichoptera,Limnephilidae,Ironoquia,,,Shredder,4,sp,4.9,,1995
ISONYCHIA,Arthropoda,Insecta,Ephemeroptera,Isonychiidae,Isonychia,,,Filterer,2,"sw, cn",2.5,,1995
ISONYCHIIDAE,Arthropoda,Insecta,Ephemeroptera,Isonychiidae,,,,,2,,2,,1995
ISOPERLA,Arthropoda,Insecta,Plecoptera,Perlodidae,Isoperla,,,Predator,2,"cn, sp",2.4,,1995
ISOTOMURUS,Arthropoda,Collembola,Collembola,Isotomidae,Isotomurus,,,,,,4.8,,1995
KIEFFERULUS,Arthropoda,Insecta,Diptera,Chironomidae,Kiefferulus,Chironominae,Chironomini,Collector,7,bu,6.6,,1995
KRENOPELOPIA,Arthropoda,Insecta,Diptera,Chironomidae,Krenopelopia,Tanypodinae,Pentaneurini,Predator,7,sp,6.6,,1995
LABRUNDINIA,Arthropoda,Insecta,Diptera,Chironomidae,Labrundinia,Tanypodinae,Pentaneurini,Predator,7,sp,6.6,,1995
LANTHUS,Arthropoda,Insecta,Odonata,Gomphidae,Lanthus,,,Predator,5,bu,1.1,,1995
LARSIA,Arthropoda,Insecta,Diptera,Chironomidae,Larsia,Tanypodinae,Pentaneurini,Predator,7,sp,8.5,,1995
LEPIDOSTOMA,Arthropoda,Insecta,Trichoptera,Lepidostomatidae,Lepidostoma,,,Shredder,2,"cb, sp, cn",0,,1995
LEPTOPHLEBIA,Arthropoda,Insecta,Ephemeroptera,Leptophlebiidae,Leptophlebia,,,Collector,3,"sw, cn, sp",1.8,,1995
LEPTOPHLEBIIDAE,Arthropoda,Insecta,Ephemeroptera,Leptophlebiidae,,,,Collector,3,"sw, cn",1.7,,1995
LEPTOXIS,Mollusca,Gastropoda,Neotaenioglossa,Pleuroceridae,Leptoxis,Mollusca,,Scraper,6,cb,10,,1995
LEUCORRHINIA,Arthropoda,Insecta,Odonata,Libellulidae,Leucorrhinia,,,Predator,9,cb,7,,1995
LEUCOTRICHIA,Arthropoda,Insecta,Trichoptera,Hydroptilidae,Leucotrichia,Leucotrichiini,Leucotrichiini,Scraper,4,cn,5,,1995
LEUCROCUTA,Arthropoda,Insecta,Ephemeroptera,Heptageniidae,Leucrocuta,,,Scraper,3,cn,1.8,,1995
LEUCTRA,Arthropoda,Insecta,Plecoptera,Leuctridae,Leuctra,,,Shredder,0,cn,0.4,,1995
LEUCTRIDAE,Arthropoda,Insecta,Plecoptera,Leuctridae,,,,Shredder,0,"sp, cn",0.8,,1995
LIBELLULA,Arthropoda,Insecta,Odonata,Libellulidae,Libellula,,,Predator,9,sp,7,,1995
LIBELLULIDAE,Arthropoda,Insecta,Odonata,Libellulidae,,,,Predator,9,,9,,1995
LIMNEPHILIDAE,Arthropoda,Insecta,Trichoptera,Limnephilidae,,,,Shredder,4,"cb, sp, cn",3.4,,1995
LIMNEPHILUS,Arthropoda,Insecta,Trichoptera,Limnephilidae,Limnephilus,Limnephilini,Limnephilini,Shredder,4,"cb, sp, cn",3.4,,1995
LIMNODRILUS,Annelida,Oligochaeta,Tubificida,Tubificidae,Limnodrilus,,,Collector,10,cn,8.6,,1995
LIMNOPHILA,Arthropoda,Insecta,Diptera,Tipulidae,Limnophila,,,Predator,4,bu,4.8,,1995
LIMNOPHYES,Arthropoda,Insecta,Diptera,Chironomidae,Limnophyes,Orthocladiinae,,Collector,7,sp,8.6,,1995
LIMONIA,Arthropoda,Insecta,Diptera,Tipulidae,Limonia,,,Shredder,4,"bu, sp",4.8,,1995
LIRCEUS,Arthropoda,Malacostraca,Isopoda,Asellidae,Lirceus,Crustacea,,Collector,8,sp,3.3,,1995
LOPESCLADIUS,Arthropoda,Insecta,Diptera,Chironomidae,Lopescladius,Orthocladiinae,,Collector,7,sp,6.6,,1995
LUMBRICINA,Annelida,Oligochaeta,Lumbricina,,,,,Collector,10,bu,,,1995
LUMBRICULIDAE,Annelida,Oligochaeta,Lumbriculida,Lumbriculidae,,,,Collector,10,bu,6.6,,1995
LYPE,Arthropoda,Insecta,Trichoptera,Psychomyiidae,Lype,,,Scraper,2,cn,4.7,,1995
MACROMIA,Arthropoda,Insecta,Odonata,Corduliidae,Macromia,,,Predator,3,sp,3,,1995
MACRONYCHUS,Arthropoda,Insecta,Coleoptera,Elmidae,Macronychus,,,Scraper,5,cn,6.8,,1995
MACROPELOPIA,Arthropoda,Insecta,Diptera,Chironomidae,Macropelopia,Tanypodinae,Macropelopiini,Predator,7,sp,6.6,,1995
MENETUS,Mollusca,Gastropoda,Basommatophora,Planorbidae,Menetus,Mollusca,,Scraper,7,cb,7.6,,1995
METRETOPODIDAE,Arthropoda,Insecta,Ephemeroptera,Metretopodidae,,,,,2,,2,,1995
MICRASEMA,Arthropoda,Insecta,Trichoptera,Brachycentridae,Micrasema,,,Shredder,1,"cn, sp",2.3,,1995
MICROPSECTRA,Arthropoda,Insecta,Diptera,Chironomidae,Micropsectra,Chironominae,Tanytarsini,Collector,7,"cb, sp",2.1,,1995
MICROTENDIPES,Arthropoda,Insecta,Diptera,Chironomidae,Microtendipes,Chironominae,Chironomini,Filterer,7,cn,4.9,,1995
MICROVELIA,Arthropoda,Insecta,Hemiptera,Veliidae,Microvelia,,,Predator,6,sk,6,,1995
MOLLUSCA,Mollusca,0,0,,,,,,,,,,1995
MOLOPHILUS,Arthropoda,Insecta,Diptera,Tipulidae,Molophilus,,,,4,bu,4.8,,1995
MUSCIDAE,Arthropoda,Insecta,Diptera,Muscidae,,,,Predator,7,sp,7,,1995
MYSTACIDES,Arthropoda,Insecta,Trichoptera,Leptoceridae,Mystacides,Mystacidini,Mystacidini,Collector,4,"sp, cb",4.1,,1995
NAIDIDAE,Annelida,Oligochaeta,Haplotaxida,Naididae,,,,Collector,10,bu,8.5,,1995
NANOCLADIUS,Arthropoda,Insecta,Diptera,Chironomidae,Nanocladius,Orthocladiinae,,Collector,7,sp,7.6,,1995
NECTOPSYCHE,Arthropoda,Insecta,Trichoptera,Leptoceridae,Nectopsyche,Nectopsychini,Nectopsychini,Shredder,4,"cb, sw",4.1,,1995
NEHALENNIA,Arthropoda,Insecta,Odonata,Coenagrionidae,Nehalennia,,,Predator,8,cb,9,,1995
NEMATOMORPHA,Nematomorpha,Nematomorpha,0,,,,,,,bu,,,1995
NEMOURA,Arthropoda,Insecta,Plecoptera,Nemouridae,Nemoura,,,Shredder,2,"sp, cn",2.9,,1995
NEMOURIDAE,Arthropoda,Insecta,Plecoptera,Nemouridae,,,,Shredder,2,"sp, cn",2.9,,1995
NEOPHYLAX,Arthropoda,Insecta,Trichoptera,Uenoidae,Neophylax,,,Scraper,3,cn,2.7,,1995
NEURECLIPSIS,Arthropoda,Insecta,Trichoptera,Polycentropodidae,Neureclipsis,,,Filterer,6,cn,0.2,,1995
NIGRONIA,Arthropoda,Insecta,Megaloptera,Corydalidae,Nigronia,,,Predator,2,"cn, cb",1.4,,1995
NIXE,Arthropoda,Insecta,Ephemeroptera,Heptageniidae,Nixe,,,Scraper,3,cn,2.6,,1995
NOTONECTA,Arthropoda,Insecta,Hemiptera,Notonectidae,Notonecta,,,Predator,10,"sw, cb",10,,1995
NOTONECTIDAE,Arthropoda,Insecta,Hemiptera,Notonectidae,,,,,10,,10,,1995
NYCTIOPHYLAX,Arthropoda,Insecta,Trichoptera,Polycentropodidae,Nyctiophylax,,,Filterer,6,cn,0.2,,1995
OCHROTRICHIA,Arthropoda,Insecta,Trichoptera,Hydroptilidae,Ochrotrichia,Ochrotrichiini,Ochrotrichiini,Scraper,4,cn,4,,1995
ODONTOCERIDAE,Arthropoda,Insecta,Trichoptera,Odontoceridae,,,,,0,,0,,1995
OECETIS,Arthropoda,Insecta,Trichoptera,Leptoceridae,Oecetis,Oecetini,Oecetini,Predator,4,"cn, sp, cb",4.7,,1995
OEMOPTERYX,Arthropoda,Insecta,Plecoptera,Taeniopterygidae,Oemopteryx,,,Shredder,2,"sp, cn",1.8,,1995
OLIGOCHAETA,Annelida,Oligochaeta,0,,,,,Collector,10,bu,10,,1995
OPTIOSERVUS,Arthropoda,Insecta,Coleoptera,Elmidae,Optioservus,,,Scraper,5,cn,5.4,,1995
ORCONECTES,Arthropoda,Malacostraca,Decapoda,Cambaridae,Orconectes,Crustacea,,Shredder,6,sp,2.8,,1995
ORMOSIA,Arthropoda,Insecta,Diptera,Tipulidae,Ormosia,,,Collector,4,bu,6.3,,1995
ORTHOCLADIINAE,Arthropoda,Insecta,Diptera,Chironomidae,,Orthocladiinae,,Collector,7,bu,7.6,,1995
ORTHOCLADIINAE A,Arthropoda,Insecta,Diptera,Chironomidae,Orthocladiinae A,Orthocladiinae,,Collector,7,,8.4,,1995
ORTHOCLADIUS,Arthropoda,Insecta,Diptera,Chironomidae,Orthocladius,Orthocladiinae,,Collector,7,"sp, bu",9.2,,1995
OSTRACODA,Arthropoda,Crustacea,Ostracoda,,,,,Collector,8,,8,,1995
OSTROCERCA,Arthropoda,Insecta,Plecoptera,Nemouridae,Ostrocerca,,,Shredder,2,"sp, cn",1.7,,1995
OULIMNIUS,Arthropoda,Insecta,Coleoptera,Elmidae,Oulimnius,,,Scraper,5,cn,2.7,,1995
OXYETHIRA,Arthropoda,Insecta,Trichoptera,Hydroptilidae,Oxyethira,Hydroptilini,Hydroptilini,Collector,4,cb,3,,1995
PAGASTIA,Arthropoda,Insecta,Diptera,Chironomidae,Pagastia,Diamesinae,Diamesini,Collector,7,,6.6,,1995
PALAEMONETES,Arthropoda,Malacostraca,Decapoda,Palaemonidae,Palaemonetes,Crustacea,,,7,sp,7,,1995
PALAEMONIDAE,Arthropoda,Malacostraca,Decapoda,Palaemonidae,,,,,7,,7,,1995
PALMACORIXA,Arthropoda,Insecta,Hemiptera,Corixidae,Palmacorixa,,,Predator,5,,5.6,,1995
PARACAPNIA,Arthropoda,Insecta,Plecoptera,Capniidae,Paracapnia,,,Shredder,2,,2.8,,1995
PARACHAETOCLADIUS,Arthropoda,Insecta,Diptera,Chironomidae,Parachaetocladius,Orthocladiinae,,Collector,7,sp,3.3,,1995
PARACHIRONOMUS,Arthropoda,Insecta,Diptera,Chironomidae,Parachironomus,Chironominae,Chironomini,Predator,7,sp,6.6,,1995
PARACLADOPELMA,Arthropoda,Insecta,Diptera,Chironomidae,Paracladopelma,Chironominae,Chironomini,Collector,7,sp,6.6,,1995
PARAGNETINA,Arthropoda,Insecta,Plecoptera,Perlidae,Paragnetina,Perlini,Perlini,Predator,2,cn,2.2,,1995
PARAKIEFFERIELLA,Arthropoda,Insecta,Diptera,Chironomidae,Parakiefferiella,Orthocladiinae,,Collector,7,sp,2.1,,1995
PARALAUTERBORNIELLA,Arthropoda,Insecta,Diptera,Chironomidae,Paralauterborniella,Chironominae,Chironomini,Collector,7,cn,6.6,,1995
PARALEPTOPHLEBIA,Arthropoda,Insecta,Ephemeroptera,Leptophlebiidae,Paraleptophlebia,,,Collector,3,"sw, cn, sp",2,,1995
PARALEUCTRA,Arthropoda,Insecta,Plecoptera,Leuctridae,Paraleuctra,,,Shredder,0,"sp, cn",0.8,,1995
PARAMERINA,Arthropoda,Insecta,Diptera,Chironomidae,Paramerina,Tanypodinae,Pentaneurini,Predator,7,sp,6.6,,1995
PARAMETRIOCNEMUS,Arthropoda,Insecta,Diptera,Chironomidae,Parametriocnemus,Orthocladiinae,,Collector,7,sp,4.6,,1995
PARAPHAENOCLADIUS,Arthropoda,Insecta,Diptera,Chironomidae,Paraphaenocladius,Orthocladiinae,,Collector,7,sp,4,,1995
PARATANYTARSUS,Arthropoda,Insecta,Diptera,Chironomidae,Paratanytarsus,Chironominae,Tanytarsini,Collector,7,sp,7.7,,1995
PARATENDIPES,Arthropoda,Insecta,Diptera,Chironomidae,Paratendipes,Chironominae,Chironomini,Collector,7,bu,6.6,,1995
PARATRICHOCLADIUS,Arthropoda,Insecta,Diptera,Chironomidae,Paratrichocladius,Orthocladiinae,,Collector,7,sp,6.6,,1995
PELECORHYNCHIDAE,Arthropoda,Insecta,Diptera,Pelechorhynchidae,,,,Predator,3,,,,1995
PELTODYTES,Arthropoda,Insecta,Coleoptera,Haliplidae,Peltodytes,,,Shredder,5,"cb, cn",8.9,,1995
PELTOPERLA,Arthropoda,Insecta,Plecoptera,Peltoperlidae,Peltoperla,,,Shredder,2,"cn, sp",1.1,,1995
PELTOPERLIDAE,Arthropoda,Insecta,Plecoptera,Peltoperlidae,,,,Shredder,2,"cn, sp",1.3,,1995
PENTANEURA,Arthropoda,Insecta,Diptera,Chironomidae,Pentaneura,Tanypodinae,Pentaneurini,Predator,7,sp,6.6,,1995
PERLESTA,Arthropoda,Insecta,Plecoptera,Perlidae,Perlesta,Acroneuriini,Acroneuriini,Predator,2,cn,1.6,,1995
PERLIDAE,Arthropoda,Insecta,Plecoptera,Perlidae,,,,Predator,2,cn,2.2,,1995
PERLODIDAE,Arthropoda,Insecta,Plecoptera,Perlodidae,,,,Predator,2,cn,2.2,,1995
PHAENOPSECTRA,Arthropoda,Insecta,Diptera,Chironomidae,Phaenopsectra,Chironominae,Chironomini,Collector,7,cn,8.7,,1995
PHASGANOPHORA,Arthropoda,Insecta,Plecoptera,Perlidae,Agnetina,Agnetina,Agnetina,Predator,2,cn,2.2,,1995
PHILOPOTAMIDAE,Arthropoda,Insecta,Trichoptera,Philopotamidae,,,,Filterer,3,cn,2.6,,1995
PHYLOCENTROPUS,Arthropoda,Insecta,Trichoptera,Dipseudopsidae,Phylocentropus,,,Collector,5,bu,5,,1995
PHYSA,Mollusca,Gastropoda,Basommatophora,Physidae,Physa,Mollusca,,Scraper,8,cb,7,Changed back to Physa from Physella per EF's memo in 2007,1995
PILARIA,Arthropoda,Insecta,Diptera,Tipulidae,Pilaria,,,Predator,4,bu,4.8,,1995
PISCICOLA,Annelida,Hirudinea,Rhynchobdellida,Piscicolidae,Piscicola,,,Predator,7,sp,,,1995
PISIDIUM,Mollusca,Bivalvia,Veneroida,Pisidiidae,Pisidium,Mollusca,,Filterer,8,bu,5.7,,1995
PLANORBELLA,Mollusca,Gastropoda,Basommatophora,Planorbidae,Planorbella,Mollusca,,Scraper,7,cb,7.6,,1995
PLANORBIDAE,Mollusca,Gastropoda,Basommatophora,Planorbidae,,Mollusca,,Scraper,7,cb,7.6,,1995
POLYCENTROPODIDAE,Arthropoda,Insecta,Trichoptera,Polycentropodidae,,,,,6,cn,0.2,,1995
POLYCENTROPUS,Arthropoda,Insecta,Trichoptera,Polycentropodidae,Polycentropus,,,Filterer,6,cn,1.1,,1995
POLYMITARCYIDAE,Arthropoda,Insecta,Ephemeroptera,Polymitarcyidae,,,,Collector,2,bu,2,,1995
POLYPEDILUM,Arthropoda,Insecta,Diptera,Chironomidae,Polypedilum,Chironominae,Chironomini,Shredder,7,"cb, cn",6.3,,1995
POTTHASTIA,Arthropoda,Insecta,Diptera,Chironomidae,Potthastia,Diamesinae,Diamesini,Collector,7,sp,0,,1995
PROBEZZIA,Arthropoda,Insecta,Diptera,Ceratopogonidae,Probezzia,,,Predator,6,bu,3,,1995
PROCLADIUS,Arthropoda,Insecta,Diptera,Chironomidae,Procladius,Tanypodinae,Procladiini,Predator,7,sp,1.2,,1995
PRODIAMESA,Arthropoda,Insecta,Diptera,Chironomidae,Prodiamesa,Prodiamesinae,,Collector,7,"bu, sp",6.6,,1995
PROGOMPHUS,Arthropoda,Insecta,Odonata,Gomphidae,Progomphus,,,Predator,5,bu,2.2,,1995
PROMENETUS,Mollusca,Gastropoda,Basommatophora,Planorbidae,Promenetus,Mollusca,,Scraper,7,cb,7.6,,1995
PROMORESIA,Arthropoda,Insecta,Coleoptera,Elmidae,Promoresia,,,Scraper,5,cn,0,,1995
PROSIMULIUM,Arthropoda,Insecta,Diptera,Simuliidae,Prosimulium,Prosimuliini,Prosimuliini,Filterer,7,cn,2.4,,1995
PROSTOIA,Arthropoda,Insecta,Plecoptera,Nemouridae,Prostoia,,,Shredder,2,"sp, cn",4.5,,1995
PROSTOMA,Nemertea,Enopla,Hoplonemertea,Tetrastemmatidae,Prostoma,,,Predator,,,7.3,,1995
PSECTROCLADIUS,Arthropoda,Insecta,Diptera,Chironomidae,Psectrocladius,Orthocladiinae,,Shredder,7,"sp, bu",6.6,,1995
PSEPHENIDAE,Arthropoda,Insecta,Coleoptera,Psephenidae,,,,,4,,4,,1995
PSEPHENUS,Arthropoda,Insecta,Coleoptera,Psephenidae,Psephenus,,,Scraper,4,cn,4.4,,1995
PSEUDOLIMNOPHILA,Arthropoda,Insecta,Diptera,Tipulidae,Pseudolimnophila,,,Predator,4,bu,2.8,,1995
PSEUDORTHOCLADIUS,Arthropoda,Insecta,Diptera,Chironomidae,Pseudorthocladius,Orthocladiinae,,Collector,7,sp,6,,1995
PSEUDOSUCCINEA,Mollusca,Gastropoda,Basommatophora,Lymnaeidae,Pseudosuccinea,Mollusca,,Collector,6,cb,6.3,,1995
PSILOMETRIOCNEMUS,Arthropoda,Insecta,Diptera,Chironomidae,Psilometriocnemus,Orthocladiinae,,Collector,7,sp,6.6,,1995
PSILOTRETA,Arthropoda,Insecta,Trichoptera,Odontoceridae,Psilotreta,,,Scraper,0,sp,0.9,,1995
PSYCHOMYIA,Arthropoda,Insecta,Trichoptera,Psychomyiidae,Psychomyia,,,Collector,2,cn,4.9,,1995
PTERONARCYS,Arthropoda,Insecta,Plecoptera,Pteronarcyidae,Pteronarcys,Pteronarcini,Pteronarcini,Shredder,2,"cn, sp",1.1,,1995
PTILODACTYLIDAE,Arthropoda,Insecta,Coleoptera,Ptilodactylidae,,,,,4,,4,,1995
PTILOSTOMIS,Arthropoda,Insecta,Trichoptera,Phryganeidae,Ptilostomis,,,Shredder,5,cb,4.3,,1995
PYCNOPSYCHE,Arthropoda,Insecta,Trichoptera,Limnephilidae,Pycnopsyche,Stenophylacini,Stenophylacini,Shredder,4,"sp, cb, cn",3.1,,1995
PYRALIDAE,Arthropoda,Insecta,Lepidoptera,Pyralidae,,,,Shredder,5,cb,6.7,,1995
PYRODERCES,Arthropoda,Insecta,Lepidoptera,Cosmopterygidae,Pyroderces,,,Shredder,5,bu,6.7,,1995
RADIX,Mollusca,Gastropoda,Basommatophora,Lymnaeidae,Radix,Mollusca,,Collector,6,cb,6.9,,1995
RHAGOVELIA,Arthropoda,Insecta,Hemiptera,Veliidae,Rhagovelia,,,Predator,6,sk,6,,1995
RHEOCRICOTOPUS,Arthropoda,Insecta,Diptera,Chironomidae,Rheocricotopus,Orthocladiinae,,Collector,7,sp,6.2,,1995
RHEOPELOPIA,Arthropoda,Insecta,Diptera,Chironomidae,Rheopelopia,Tanypodinae,Pentaneurini,Predator,7,sp,6.6,,1995
RHEOTANYTARSUS,Arthropoda,Insecta,Diptera,Chironomidae,Rheotanytarsus,Chironominae,Tanytarsini,Filterer,7,cn,7.2,,1995
RHYACOPHILA,Arthropoda,Insecta,Trichoptera,Rhyacophilidae,Rhyacophila,,,Predator,1,cn,2.1,,1995
RHYACOPHILIDAE,Arthropoda,Insecta,Trichoptera,Rhyacophilidae,,,,,1,,1,,1995
SCIRTIDAE,Arthropoda,Insecta,Coleoptera,Scirtidae,,,,Collector,7,"cb, sp",4,,1995
SERRATELLA,Arthropoda,Insecta,Ephemeroptera,Ephemerellidae,Serratella,,,Collector,2,cn,2.8,,1995
SHIPSA,Arthropoda,Insecta,Plecoptera,Nemouridae,Shipsa,,,Shredder,2,"sp, cn",2.9,,1995
SIALIDAE,Arthropoda,Insecta,Megaloptera,Sialidae,,,,Predator,4,"bu, cb, cn",1.9,,1995
SIALIS,Arthropoda,Insecta,Megaloptera,Sialidae,Sialis,,,Predator,4,"bu, cb, cn",1.9,,1995
SIMULIIDAE,Arthropoda,Insecta,Diptera,Simuliidae,,,,Filterer,7,cn,3.2,,1995
SIMULIUM,Arthropoda,Insecta,Diptera,Simuliidae,Simulium,Simuliini,Simuliini,Filterer,7,cn,5.7,,1995
SIPHLONURUS,Arthropoda,Insecta,Ephemeroptera,Siphlonuridae,Siphlonurus,,,Collector,7,"sw, cb",7,,1995
SIPHLOPLECTON,Arthropoda,Insecta,Ephemeroptera,Metretopodidae,Siphloplecton,,,Predator,2,"sw, cn",2,,1995
SISYRIDAE,Arthropoda,Insecta,Neuroptera,Sisyridae,,,,,,,,,1995
SOMATOCHLORA,Arthropoda,Insecta,Odonata,Corduliidae,Somatochlora,,,Predator,3,sp,1,,1995
SOYEDINA,Arthropoda,Insecta,Plecoptera,Nemouridae,Soyedina,,,Shredder,2,"sp, cn",2.9,,1995
SPERCHOPSIS,Arthropoda,Insecta,Coleoptera,Hydrophilidae,Sperchopsis,,,Collector,5,cn,4.1,,1995
SPHAERIIDAE,Mollusca,Bivalvia,Veneroida,Pisidiidae,,Mollusca,,Filterer,8,bu,6.5,,1995
SPHAERIUM,Mollusca,Bivalvia,Veneroida,Pisidiidae,Sphaerium,Mollusca,,Filterer,8,bu,5.5,,1995
SPHAEROMIAS,Arthropoda,Insecta,Diptera,Ceratopogonidae,Sphaeromias,,,Predator,6,bu,3.6,,1995
STAGNICOLA,Mollusca,Gastropoda,Basommatophora,Lymnaeidae,Stagnicola,Mollusca,,Scraper,6,cb,7.8,,1995
STEGOPTERNA,Arthropoda,Insecta,Diptera,Simuliidae,Stegopterna,Prosimuliini,Prosimuliini,Filterer,7,cn,2.4,,1995
STEMPELLINELLA,Arthropoda,Insecta,Diptera,Chironomidae,Stempellinella,Chironominae,Tanytarsini,Collector,7,"cb, sp, cn",4.2,,1995
STENACRON,Arthropoda,Insecta,Ephemeroptera,Heptageniidae,Stenacron,,,Collector,3,cn,2,,1995
STENELMIS,Arthropoda,Insecta,Coleoptera,Elmidae,Stenelmis,,,Scraper,5,cn,7.1,,1995
STENOCHIRONOMUS,Arthropoda,Insecta,Diptera,Chironomidae,Stenochironomus,Chironominae,Chironomini,Shredder,7,bu,7.9,,1995
STENONEMA,Arthropoda,Insecta,Ephemeroptera,Heptageniidae,Stenonema,,,Scraper,3,cn,4.6,,1995
STICTOCHIRONOMUS,Arthropoda,Insecta,Diptera,Chironomidae,Stictochironomus,Chironominae,Chironomini,Collector,7,bu,9.2,,1995
STRATIOMYS,Arthropoda,Insecta,Diptera,Stratiomyidae,Stratiomys,,,Collector,4,"sp, bu",2.8,,1995
STROPHOPTERYX,Arthropoda,Insecta,Plecoptera,Taeniopterygidae,Strophopteryx,,,Shredder,2,"sp, cn",3.3,,1995
STYLOGOMPHUS,Arthropoda,Insecta,Odonata,Gomphidae,Stylogomphus,,,Predator,5,bu,2.2,,1995
SUBLETTEA,Arthropoda,Insecta,Diptera,Chironomidae,Sublettea,Chironominae,Tanytarsini,Collector,7,,10,,1995
SWELTSA,Arthropoda,Insecta,Plecoptera,Chloroperlidae,Sweltsa,,,Predator,1,cn,1.9,,1995
SYMPOTTHASTIA,Arthropoda,Insecta,Diptera,Chironomidae,Sympotthastia,Diamesinae,Diamesini,Collector,7,sp,8.2,,1995
TABANIDAE,Arthropoda,Insecta,Diptera,Tabanidae,,,,Predator,6,,2.8,,1995
TABANUS,Arthropoda,Insecta,Diptera,Tabanidae,Tabanus,,,Predator,6,"sp, bu",2.8,,1995
TAENIOPTERYX,Arthropoda,Insecta,Plecoptera,Taeniopterygidae,Taeniopteryx,,,Shredder,2,"sp, cn",4.8,,1995
TALLAPERLA,Arthropoda,Insecta,Plecoptera,Peltoperlidae,Tallaperla,,,Shredder,2,"cn, sp",1.5,,1995
TANYPODINAE,Arthropoda,Insecta,Diptera,Chironomidae,,Tanypodinae,,Predator,7,,7.5,,1995
TANYTARSINI,Arthropoda,Insecta,Diptera,Chironomidae,,Chironominae,Tanytarsini,Collector,7,,3.5,,1995
TANYTARSUS,Arthropoda,Insecta,Diptera,Chironomidae,Tanytarsus,Chironominae,Tanytarsini,Filterer,7,"cb, cn",4.9,,1995
THIENEMANNIELLA,Arthropoda,Insecta,Diptera,Chironomidae,Thienemanniella,Orthocladiinae,,Collector,7,sp,5.1,,1995
THIENEMANNIMYIA,Arthropoda,Insecta,Diptera,Chironomidae,Thienemannimyia,Tanypodinae,Pentaneurini,Predator,7,sp,6.7,,1995
TIPULA,Arthropoda,Insecta,Diptera,Tipulidae,Tipula,,,Shredder,4,bu,6.7,,1995
TIPULIDAE,Arthropoda,Insecta,Diptera,Tipulidae,,,,Predator,4,"bu, sp",4.8,,1995
TORTRICIDAE,Arthropoda,Insecta,Lepidoptera,Tortricidae,,,,Shredder,5,"bu, cb",6.7,,1995
TREPOBATES,Arthropoda,Insecta,Hemiptera,Gerridae,Trepobates,,,Predator,5,sk,6,,1995
TRIAENODES,Arthropoda,Insecta,Trichoptera,Leptoceridae,Triaenodes,Triaenodini,Triaenodini,Shredder,4,"sw, cb",5,,1995
TRIBELOS,Arthropoda,Insecta,Diptera,Chironomidae,Tribelos,Chironominae,Chironomini,Collector,7,bu,7,,1995
TRICHOCORIXA,Arthropoda,Insecta,Hemiptera,Corixidae,Trichocorixa,,,Predator,5,"sw, cb",5.6,,1995
TRICHOPTERA,Arthropoda,Insecta,Trichoptera,,,,,,,,4.6,,1995
TRISSOPELOPIA,Arthropoda,Insecta,Diptera,Chironomidae,Trissopelopia,Tanypodinae,Pentaneurini,Predator,7,sp,4.1,,1995
TUBIFICIDAE,Annelida,Oligochaeta,Tubificida,Tubificidae,,,,Collector,10,cn,8.4,,1995
TURBELLARIA,Platyhelminthes,Turbellaria,0,,,,,Predator,4,sp,4,,1995
TVETENIA,Arthropoda,Insecta,Diptera,Chironomidae,Tvetenia,Orthocladiinae,,Collector,7,sp,5.1,,1995
UNIONIDAE,Mollusca,Bivalvia,Unionoida,Unionidae,,Mollusca,,Filterer,6,bu,6,,1995
UNNIELLA,Arthropoda,Insecta,Diptera,Chironomidae,Unniella,Orthocladiinae,,Collector,7,,6.6,,1995
UVARUS,Arthropoda,Insecta,Coleoptera,Dytiscidae,Uvarus,,,Predator,5,"sw, cb",5.4,,1995
VALVATA,Mollusca,Gastropoda,Heterostropha,Valvatidae,Valvata,,,,,,9,,1995
VALVATIDAE,Mollusca,Gastropoda,Mesogastropoda,Valvatidae,,,,,,,,,1995
VELIIDAE,Arthropoda,Insecta,Hemiptera,Veliidae,,,,,6,,6,,1995
VENEROIDA,Mollusca,Bivalvia,Veneroida,,,,,,,,,,1995
VIVIPARUS,Mollusca,Gastropoda,Architaenioglossa,Viviparidae,Viviparus,Mollusca,,Scraper,6,cb,1,,1995
WORMALDIA,Arthropoda,Insecta,Trichoptera,Philopotamidae,Wormaldia,,,Filterer,3,cn,1.8,,1995
XYLOTOPUS,Arthropoda,Insecta,Diptera,Chironomidae,Xylotopus,Orthocladiinae,,Shredder,7,bu,6.6,,1995
ZAVRELIA,Arthropoda,Insecta,Diptera,Chironomidae,Zavrelia,Chironominae,Tanytarsini,Collector,7,"cb, sp, cn",6.6,,1995
ZAVRELIELLA,Arthropoda,Insecta,Diptera,Chironomidae,Zavreliella,Chironominae,Tanytarsini,,7,bu,,,1995
ZAVRELIMYIA,Arthropoda,Insecta,Diptera,Chironomidae,Zavrelimyia,Tanypodinae,Pentaneurini,Predator,7,sp,5.3,,1995
AMELETIDAE,Arthropoda,Insecta,Ephemeroptera,Ameletidae,,,,,0,,2.6,,1996
ANTHOPOTAMUS,Arthropoda,Insecta,Ephemeroptera,Potamanthidae,Anthopotamus,,,,4,,3,,1996
BAETISCA,Arthropoda,Insecta,Ephemeroptera,Baetiscidae,Baetisca,,,Collector,4,sp,4,,1996
BAETISCIDAE,Arthropoda,Insecta,Ephemeroptera,Baetiscidae,,,,,4,sp,4,,1996
BARBAETIS,Arthropoda,Insecta,Ephemeroptera,Baetidae,Barbaetis,,,Collector,5,,2.3,,1996
CAPNIA,Arthropoda,Insecta,Plecoptera,Capniidae,Capnia,,,Shredder,2,"sp, cn",3.7,,1996
CHAETOCLADIUS,Arthropoda,Insecta,Diptera,Chironomidae,Chaetocladius,Orthocladiinae,,Collector,7,sp,7,,1996
CHIRONOMIDAE,Arthropoda,Insecta,Diptera,Chironomidae,,,,,7,,6.6,,1996
CURCULIONIDAE,Arthropoda,Insecta,Coleoptera,Curculionidae,,,,Shredder,,cn,,,1996
ERIOPTERA,Arthropoda,Insecta,Diptera,Tipulidae,Erioptera,,,Collector,4,bu,4.8,,1996
GOERA,Arthropoda,Insecta,Trichoptera,Goeridae,Goera,,,Scraper,4,cn,3.4,,1996
GOERIDAE,Arthropoda,Insecta,Trichoptera,Goeridae,,,,Scraper,,cn,,,1996
HEXAGENIA,Arthropoda,Insecta,Ephemeroptera,Ephemeridae,Hexagenia,,,Collector,4,bu,6,,1996
HYDROPHILUS,Arthropoda,Insecta,Coleoptera,Hydrophilidae,Hydrophilus,,,Collector,5,"sw, dv, cb",4.1,,1996
HYDROPTILIDAE,Arthropoda,Insecta,Trichoptera,Hydroptilidae,,,,,4,,4,,1996
LYMNAEIDAE,Mollusca,Gastropoda,Basommatophora,Lymnaeidae,,,,Scraper,6,cb,6.9,,1996
MOOREOBDELLA,Annelida,Hirudinea,Arhynchobdellida,Erpobdellidae,Mooreobdella,,,Predator,10,sp,8,,1996
NEOPERLA,Arthropoda,Insecta,Plecoptera,Perlidae,Neoperla,Neoperlini,Neoperlini,Predator,2,cn,2.2,,1996
PHYSIDAE,Mollusca,Gastropoda,Basommatophora,Physidae,,,,Scraper,8,cb,7,,1996
PLANARIIDAE,Platyhelminthes,Turbellaria,Tricladida,Planariidae,,,,Predator,6,sp,8.4,,1996
POTAMANTHIDAE,Arthropoda,Insecta,Ephemeroptera,Potamanthidae,,,,,4,,4,,1996
SPIROSPERMA,Annelida,Oligochaeta,Tubificida,Tubificidae,Spirosperma,,,Collector,10,cn,6.6,,1996
SYNDIAMESA,Arthropoda,Insecta,Diptera,Chironomidae,Syndiamesa,Diamesinae,Diamesini,,7,sp,6.6,,1996
TAENIOPTERYGIDAE,Arthropoda,Insecta,Plecoptera,Taeniopterygidae,,,,Shredder,2,,3.1,,1996
TIMPANOGA,Arthropoda,Insecta,Ephemeroptera,Ephemerellidae,Timpanoga,,,Collector,2,sp,2.6,,1996
UENOIDAE,Arthropoda,Insecta,Trichoptera,Uenoidae,,,,,3,cn,2.7,,1996
AGNETINA,Arthropoda,Insecta,Plecoptera,Perlidae,Agnetina,,,Predator,2,cn,2.2,,1997
ALLUAUDOMYIA,Arthropoda,Insecta,Diptera,Ceratopogonidae,Alluaudomyia,,,Predator,6,bu,3.6,,1997
BITTACOMORPHA,Arthropoda,Insecta,Diptera,Ptychopteridae,Bittacomorpha,,,Collector,8,bu,4,,1997
BRACHYCENTRIDAE,Arthropoda,Insecta,Trichoptera,Brachycentridae,,,,Filterer,1,,2.3,,1997
CHAULIODES,Arthropoda,Insecta,Megaloptera,Corydalidae,Chauliodes,,,Predator,2,"cn, cb",1.4,,1997
CHIRONOMINI,Arthropoda,Insecta,Diptera,Chironomidae,,Chironominae,Chironomini,,7,,5.9,,1997
CNEPHIA,Arthropoda,Insecta,Diptera,Simuliidae,Cnephia,Prosimuliini,Prosimuliini,Filterer,7,cn,3.2,,1997
CORDULIIDAE,Arthropoda,Insecta,Odonata,Corduliidae,,,,Predator,3,"sp, cb",2,,1997
CYBISTER,Arthropoda,Insecta,Coleoptera,Dytiscidae,Cybister,,,Predator,5,"sw, dv",5.4,,1997
DOLICHOPODIDAE,Arthropoda,Insecta,Diptera,Dolichopodidae,,,,Predator,4,"sp, bu",7.5,,1997
ENOCHRUS,Arthropoda,Insecta,Coleoptera,Hydrophilidae,Enochrus,,,Collector,5,"bu, sp",4.1,,1997
GERRIS,Arthropoda,Insecta,Hemiptera,Gerridae,Gerris,,,Predator,5,sk,6,,1997
GYRINUS,Arthropoda,Insecta,Coleoptera,Gyrinidae,Gyrinus,,,Predator,4,"sw, dv",4,,1997
HAGENIUS,Arthropoda,Insecta,Odonata,Gomphidae,Hagenius,,,Predator,5,sp,2.2,,1997
HELOBDELLA,Annelida,Hirudinea,Rhynchobdellida,Glossiphoniidae,Helobdella,,,Predator,8,sp,6,,1997
ISCHNURA,Arthropoda,Insecta,Odonata,Coenagrionidae,Ischnura,,,Predator,8,cb,9,,1997
ISOPODA,Arthropoda,Malacostraca,Isopoda,,,,,Collector,8,,3.3,,1997
LEPIDOPTERA,Arthropoda,Insecta,Lepidoptera,,,,,,6,,6.7,,1997
LEPTOCERIDAE,Arthropoda,Insecta,Trichoptera,Leptoceridae,,,,Collector,4,,4.1,,1997
LIMNOPHORA,Arthropoda,Insecta,Diptera,Muscidae,Limnophora,Limnophorini,Limnophorini,Predator,7,bu,7,,1997
MALIREKUS,Arthropoda,Insecta,Plecoptera,Perlodidae,Malirekus,Perlodini,Perlodini,Predator,2,cn,2.2,,1997
MALLOCHOHELEA,Arthropoda,Insecta,Diptera,Ceratopogonidae,Mallochohelea,,,Predator,6,bu,3.6,,1997
NATARSIA,Arthropoda,Insecta,Diptera,Chironomidae,Natarsia,Tanypodinae,Natarsiini,Predator,7,sp,6.6,,1997
NILOTANYPUS,Arthropoda,Insecta,Diptera,Chironomidae,Nilotanypus,Tanypodinae,Pentaneurini,Predator,7,sp,6.6,,1997
ODONATA,Arthropoda,Insecta,Odonata,,,,,Predator,,,6.6,,1997
ODONTOMESA,Arthropoda,Insecta,Diptera,Chironomidae,Odontomesa,Prodiamesinae,,Collector,7,sp,6.6,,1997
OMISUS,Arthropoda,Insecta,Diptera,Chironomidae,Omisus,Chironominae,Chironomini,,7,,6.6,,1997
ORTHOCLADIINAE B,Arthropoda,Insecta,Diptera,Chironomidae,Orthocladiinae B,Orthocladiinae,,Collector,7,,6.6,,1997
PARAPSYCHE,Arthropoda,Insecta,Trichoptera,Hydropsychidae,Parapsyche,,,Filterer,5,cn,5.7,,1997
PERICOMA,Arthropoda,Insecta,Diptera,Psychodidae,Pericoma,,,Collector,4,,4,,1997
PERLINELLA,Arthropoda,Insecta,Plecoptera,Perlidae,Perlinella,Acroneuriini,Acroneuriini,Predator,1,cn,1.6,,1997
PLATYCENTROPUS,Arthropoda,Insecta,Trichoptera,Limnephilidae,Platycentropus,Limnephilini,Limnephilini,Shredder,4,cb,3.4,,1997
PROCLOEON,Arthropoda,Insecta,Ephemeroptera,Baetidae,Procloeon,,,Collector,5,,2.3,,1997
RHEOSMITTIA,Arthropoda,Insecta,Diptera,Chironomidae,Rheosmittia,Orthocladiinae,,,7,,6.6,,1997
SAETHERIA,Arthropoda,Insecta,Diptera,Chironomidae,Saetheria,Chironominae,Chironomini,Collector,7,bu,6.6,,1997
TANYPUS,Arthropoda,Insecta,Diptera,Chironomidae,Tanypus,Tanypodinae,Tanypodini,Predator,7,,6.6,,1997
TETRASTEMMATIDAE,Nemertea,Enopla,Hoplonemertea,Tetrastemmatidae,,,,Predator,,,7.3,,1997
TROPISTERNUS,Arthropoda,Insecta,Coleoptera,Hydrophilidae,Tropisternus,,,Collector,5,cb,4.1,,1997
AGABETES,Arthropoda,Insecta,Coleoptera,Dytiscidae,Agabetes,,,Predator,5,,5.4,,2000
ATTENELLA,Arthropoda,Insecta,Ephemeroptera,Ephemerellidae,Attenella,,,Collector,2,,2.6,,2000
BRANCHIOBDELLIDA,Annelida,Oligochaeta,Branchiobdellida,,,,,,,,,,2000
CONSTEMPELLINA,Arthropoda,Insecta,Diptera,Chironomidae,Constempellina,Chironominae,Tanytarsini,Collector,7,,6.6,,2000
CORYDALIDAE,Arthropoda,Insecta,Megaloptera,Corydalidae,,,,Predator,2,,1.4,,2000
CRYPTOTENDIPES,Arthropoda,Insecta,Diptera,Chironomidae,Cryptotendipes,Chironominae,Chironomini,Collector,7,sp,6.6,,2000
CULICIDAE,Arthropoda,Insecta,Diptera,Culicidae,,,,,8,,8,,2000
EINFELDIA,Arthropoda,Insecta,Diptera,Chironomidae,Einfeldia,Chironominae,Chironomini,Collector,7,,6.6,,2000
EPHYDRIDAE,Arthropoda,Insecta,Diptera,Ephydridae,,,,Collector,7,"bu, sp",,,2000
GLOSSIPHONIIDAE,Annelida,Hirudinea,Rhynchobdellida,Glossiphoniidae,,,,Predator,8,sp,6,,2000
GORDIIDAE,Nematomorpha,Gordioidea,Gordioidea,Gordiidae,,,,Predator,,,6.8,,2000
HELOPHORIDAE,Arthropoda,Insecta,Coleoptera,Helophoridae,,,,Shredder,,cn,,,2000
HELOPHORUS,Arthropoda,Insecta,Coleoptera,Helophoridae,Helophorus,,,Shredder,,,4.1,,2000
HYDROCHARA,Arthropoda,Insecta,Coleoptera,Hydrophilidae,Hydrochara,,,,5,,4.1,,2000
LACCOPHILUS,Arthropoda,Insecta,Coleoptera,Dytiscidae,Laccophilus,,,Predator,5,"sw, dv",5.4,,2000
LIMNOPORUS,Arthropoda,Insecta,Hemiptera,Gerridae,Limnoporus,,,Predator,5,sk,6,,2000
MOLANNA,Arthropoda,Insecta,Trichoptera,Molannidae,Molanna,,,Scraper,6,"sp, cn",6,,2000
MUSCULIUM,Mollusca,Bivalvia,Veneroida,Pisidiidae,Musculium,,,Filterer,8,,5.5,,2000
ORTHOTRICHIA,Arthropoda,Insecta,Trichoptera,Hydroptilidae,Orthotrichia,Orthotrichiini,Orthotrichiini,Piercer,4,,5,,2000
PARANEMOURA,Arthropoda,Insecta,Plecoptera,Nemouridae,Paranemoura,,,,2,,2.9,,2000
PARASMITTIA,Arthropoda,Insecta,Diptera,Chironomidae,Parasmittia,Orthocladiinae,,,7,,6.6,,2000
PENTAGENIA,Arthropoda,Insecta,Ephemeroptera,Palingeniidae,Pentagenia,,,Collector,4,,3,,2000
PHAGOCATA,Platyhelminthes,Turbellaria,Tricladida,Planariidae,Phagocata,,,Predator,6,,8.4,,2000
PHRYGANEIDAE,Arthropoda,Insecta,Trichoptera,Phryganeidae,,,,Shredder,5,,4.3,,2000
PROCAMBARUS,Arthropoda,Malacostraca,Decapoda,Cambaridae,Procambarus,,,Collector,6,,2.8,,2000
PSECTROTANYPUS,Arthropoda,Insecta,Diptera,Chironomidae,Psectrotanypus,Tanypodinae,Macropelopiini,Predator,7,bu,6.6,,2000
PSYCHODA,Arthropoda,Insecta,Diptera,Psychodidae,Psychoda,,,Collector,4,bu,4,,2000
PTYCHOPTERA,Arthropoda,Insecta,Diptera,Ptychopteridae,Ptychoptera,,,Collector,7,,4,,2000
RANATRA,Arthropoda,Insecta,Hemiptera,Nepidae,Ranatra,,,Predator,,,5.6,,2000
SALDIDAE,Arthropoda,Insecta,Hemiptera,Saldidae,,,,Predator,10,,6,,2000
SMITTIA,Arthropoda,Insecta,Diptera,Chironomidae,Smittia,Orthocladiinae,,Collector,7,bu,6.6,,2000
STEMPELLINA,Arthropoda,Insecta,Diptera,Chironomidae,Stempellina,Chironominae,Tanytarsini,Collector,7,cb,6.6,,2000
STILOBEZZIA,Arthropoda,Insecta,Diptera,Ceratopogonidae,Stilobezzia,,,Predator,6,sp,3.6,,2000
STILOCLADIUS,Arthropoda,Insecta,Diptera,Chironomidae,Stilocladius,Orthocladiinae,,Collector,7,sp,6.6,,2000
SYNURELLA,Arthropoda,Malacostraca,Amphipoda,Crangonyctidae,Synurella,,,,4,,0.4,,2000
SYRPHIDAE,Arthropoda,Insecta,Diptera,Syrphidae,,,,Collector,10,,,,2000
ACILIUS,Arthropoda,Insecta,Coleoptera,Dytiscidae,Acilius,,,,5,,5.4,,2001
AGARODES,Arthropoda,Insecta,Trichoptera,Sericostomatidae,Agarodes,,,Shredder,3,sp,3,,2001
ALBOGLOSSIPHONIA,Annelida,Hirudinea,Rhynchobdellida,Glossiphoniidae,Alboglossiphonia,,,Predator,8,,6,,2001
ALOTANYPUS,Arthropoda,Insecta,Diptera,Chironomidae,Alotanypus,Tanypodinae,Coelotanypodini,,7,,6.6,,2001
ASELLIDAE,Arthropoda,Malacostraca,Isopoda,Asellidae,,,,,8,,3.3,,2001
ATRICHOPOGON,Arthropoda,Insecta,Diptera,Ceratopogonidae,Atrichopogon,,,Predator,6,,3.6,,2001
BRACONIDAE,Arthropoda,Insecta,Hymenoptera,Braconidae,,,,,,,,,2001
BRUNDINIELLA,Arthropoda,Insecta,Diptera,Chironomidae,Brundiniella,Tanypodinae,Macropelopiini,Predator,7,"bu, sp",6.6,,2001
BUENOA,Arthropoda,Insecta,Hemiptera,Notonectidae,Buenoa,,,,10,,5.6,,2001
CHRYSOGASTER,Arthropoda,Insecta,Diptera,Syrphidae,Chrysogaster,,,Collector,10,bu,,,2001
CRAMBUS,Arthropoda,Insecta,Lepidoptera,Pyralidae,Crambus,,,,5,,5,,2001
CYMBIODYTA,Arthropoda,Insecta,Coleoptera,Hydrophilidae,Cymbiodyta,,,Collector,5,bu,4.1,,2001
GRENIERA,Arthropoda,Insecta,Diptera,Simuliidae,Greniera,Prosimuliini,Prosimuliini,Filterer,7,,3.2,,2001
GUTTIPELOPIA,Arthropoda,Insecta,Diptera,Chironomidae,Guttipelopia,Tanypodinae,Pentaneurini,Predator,7,,6.6,,2001
HELOCOMBUS,Arthropoda,Insecta,Coleoptera,Dytiscidae,Helocombus,,,,5,,4.1,,2001
HESPEROCORIXA,Arthropoda,Insecta,Hemiptera,Corixidae,Hesperocorixa,,,Piercer,5,sw,5.6,,2001
ISOTOMIDAE,Arthropoda,Collembola,Collembola,Isotomidae,,,,,,,4.8,,2001
LACCORNIS,Arthropoda,Insecta,Coleoptera,Dytiscidae,Laccornis,,,,5,sw,5.4,,2001
LESTES,Arthropoda,Insecta,Odonata,Lestidae,Lestes,,,Predator,,cb,9,,2001
LIMNOPHILUS,Arthropoda,Insecta,Trichoptera,Limnephilidae,Limnophilus,Limnephilini,Limnephilini,,4,,,,2001
MESOCRICOTOPUS,Arthropoda,Insecta,Diptera,Chironomidae,Mesocricotopus,Orthocladiinae,,,7,,6.6,,2001
MESOSMITTIA,Arthropoda,Insecta,Diptera,Chironomidae,Mesosmittia,Orthocladiinae,,,7,sp,6.6,,2001
MOLANNODES,Arthropoda,Insecta,Trichoptera,Molannidae,Molannodes,,,,6,,6,,2001
OLIGOSTOMIS,Arthropoda,Insecta,Trichoptera,Phryganeidae,Oligostomis,,,,5,,2,Addition,2001
PACHYDIPLAX,Arthropoda,Insecta,Odonata,Libellulidae,Pachydiplax,,,Predator,9,,8,,2001
PLACOBDELLA,Annelida,Hirudinea,Rhynchobdellida,Glossiphoniidae,Placobdella,,,Predator,8,,6,,2001
PLECOPTERA,Arthropoda,Insecta,Plecoptera,,,,,,,,2.4,Addition,2001
POTAMYIA,Arthropoda,Insecta,Trichoptera,Hydropsychidae,Potamyia,,,Filterer,5,cn,5.7,,2001
PSYCHODIDAE,Arthropoda,Insecta,Diptera,Psychodidae,,,,,4,,4,,2001
RHABDOMASTIX,Arthropoda,Insecta,Diptera,Tipulidae,Rhabdomastix,,,,4,bu,4.8,,2001
RHANTUS,Arthropoda,Insecta,Coleoptera,Dytiscidae,Rhantus,,,Predator,5,sw,5.4,,2001
SARCOPHAGIDAE,Arthropoda,Insecta,Diptera,Sarcophagidae,,,,,,,,"Found in CT data only, not MBSS",2001
SCIOMYZIDAE,Arthropoda,Insecta,Diptera,Sciomyzidae,,,,Predator,10,bu,6,,2001
SERICOSTOMATIDAE,Arthropoda,Insecta,Trichoptera,Sericostomatidae,,,,,3,,3,,2001
SYNORTHOCLADIUS,Arthropoda,Insecta,Diptera,Chironomidae,Synorthocladius,Orthocladiinae,,Collector,7,,6.6,,2001
THIENEMANNIMYIA GROUP,Arthropoda,Insecta,Diptera,Chironomidae,Thienemannimyia group,Orthocladiinae,,Predator,7,sp,8.2,,2001
ZALUTSCHIA,Arthropoda,Insecta,Diptera,Chironomidae,Zalutschia,Orthocladiinae,,Shredder,7,,6.6,,2001
BATRACOBDELLA,Annelida,Hirudinea,Rhynchobdellida,Glossiphoniidae,Batracobdella,,,Predator,8,,6,,2002
DASYHELEA,Arthropoda,Insecta,Diptera,Ceratopogonidae,Dasyhelea,,,Collector,6,sp,3.6,,2002
DIXELLA,Arthropoda,Insecta,Diptera,Dixidae,Dixella,,,Collector,4,,5.8,,2002
DIXIDAE,Arthropoda,Insecta,Diptera,Dixidae,,,,,4,,5.8,,2002
ERYTHEMIS,Arthropoda,Insecta,Odonata,Libellulidae,Erythemis,,,Predator,9,sp,7,,2002
FALLCEON,Arthropoda,Insecta,Ephemeroptera,Baetidae,Fallceon,,,,5,,2.3,Addition,2002
GASTROPODA,Mollusca,Gastropoda,0,,,,,,,,,,2002
HYDROPHILIDAE,Arthropoda,Insecta,Coleoptera,Hydrophilidae,,,,,5,,4.1,,2002
LEPIDOSTOMATIDAE,Arthropoda,Insecta,Trichoptera,Lepidostomatidae,,,,,2,,,,2002
LIOGMA,Arthropoda,Insecta,Diptera,Tipulidae,Liogma,,,,4,,4.8,,2002
MATUS,Arthropoda,Insecta,Coleoptera,Dytiscidae,Matus,,,,5,,5.4,,2002
MICROCYLLOEPUS,Arthropoda,Insecta,Coleoptera,Elmidae,Microcylloepus,,,Collector,5,,4.8,,2002
NOCTUIDAE,Arthropoda,Insecta,Lepidoptera,Noctuidae,,,,Shredder,,bu,6.7,,2002
PEDICIA,Arthropoda,Insecta,Diptera,Tipulidae,Pedicia,,,Predator,4,bu,4.8,,2002
PLATHEMIS,Arthropoda,Insecta,Odonata,Libellulidae,Plathemis,,,Predator,9,,3,Addition,2002
PLATYSMITTIA,Arthropoda,Insecta,Diptera,Chironomidae,Platysmittia,Orthocladiinae,,,7,,6.6,,2002
PSEUDOCHIRONOMUS,Arthropoda,Insecta,Diptera,Chironomidae,Pseudochironomus,Chironominae,Pseudochironomini,Collector,7,,6.6,,2002
PSEUDOSMITTIA,Arthropoda,Insecta,Diptera,Chironomidae,Pseudosmittia,Orthocladiinae,,Collector,7,sp,6.6,,2002
PSYCHOMYIIDAE,Arthropoda,Insecta,Trichoptera,Psychomyiidae,,,,,2,,4.9,,2002
ANAX,Arthropoda,Insecta,Odonata,Aeshnidae,Anax,,,Predator,3,,5,,2003
CHAETOGASTER,Annelida,Oligochaeta,Tubificida,Naididae,Chaetogaster,,,,10,,,,2003
COPELATUS,Arthropoda,Insecta,Coleoptera,Dytiscidae,Copelatus,,,Predator,5,sw,5,,2003
CULEX,Arthropoda,Insecta,Diptera,Culicidae,Culex,Culicini,Culicini,Collector,8,sw,8,,2003
GEORTHOCLADIUS,Arthropoda,Insecta,Diptera,Chironomidae,Georthocladius,Orthocladiinae,,,7,sp,,,2003
HELICOPSYCHE,Arthropoda,Insecta,Trichoptera,Helicopsychidae,Helicopsyche,,,Scraper,3,cn,,,2003
HELICOPSYCHIDAE,Arthropoda,Insecta,Trichoptera,Helicopsychidae,,,,,,,,,2003
HELOCORDULIA,Arthropoda,Insecta,Odonata,Corduliidae,Helocordulia,,,Predator,3,,,,2003
HYDATICUS,Arthropoda,Insecta,Coleoptera,Dytiscidae,Hydaticus,,,Predator,5,sw,5,,2003
METRIOCNEMUS,Arthropoda,Insecta,Diptera,Chironomidae,Metriocnemus,Orthocladiinae,,,7,,,,2003
PROTOPLASA,Arthropoda,Insecta,Diptera,Tanyderidae,Protoplasa,,,Collector,,,5,,2003
PTYCHOPTERIDAE,Arthropoda,Insecta,Diptera,Ptychopteridae,,,,,8,,8,,2003
ROBACKIA,Arthropoda,Insecta,Diptera,Chironomidae,Robackia,Chironominae,Chironomini,Collector,7,,,,2003
TANYDERIDAE,Arthropoda,Insecta,Diptera,Tanyderidae,,,,,,,,,2003
VIVIPARIDAE,Mollusca,Gastropoda,Architaenioglossa,Viviparidae,,,,,6,,,,2003
YUGUS,Arthropoda,Insecta,Plecoptera,Perlodidae,Yugus,Perlodini,Perlodini,Predator,2,cn,2,,2003
AESHNA,Arthropoda,Insecta,Odonata,Aeshnidae,Aeshna,,,Predator,,cb,5,,2004
ANISOCENTROPUS,Arthropoda,Insecta,Trichoptera,Calamoceratidae,Anisocentropus,,,Shredder,,sp,,,2004
AQUARIUS,Arthropoda,Insecta,Hemiptera,Gerridae,Aquarius,,,,,,,,2004
BRANCHIURA,Annelida,Oligochaeta,Tubificida,Tubificidae,Branchiura,,,,,,8,,2004
CLOEON,Arthropoda,Insecta,Ephemeroptera,Baetidae,Cloeon,,,Collector,,"sw, cn",9,,2004
COPTOTOMUS,Arthropoda,Insecta,Coleoptera,Dytiscidae,Coptotomus,,,Predator,5,"sw, dv, cb",9,,2004
GERRIDAE,Arthropoda,Insecta,Hemiptera,Gerridae,,,,,5,,,,2004
HAPLOTAXIDAE,Annelida,Oligochaeta,Haplotaxida,Haplotaxidae,,,,,,,,,2004
HELOCHARES,Arthropoda,Insecta,Coleoptera,Hydrophilidae,Helochares,,,,,,,,2004
HELOPICUS,Arthropoda,Insecta,Plecoptera,Perlodidae,Helopicus,,,Predator,,,,,2004
HYDROCANTHUS,Arthropoda,Insecta,Coleoptera,Noteridae,Hydrocanthus,,,,,cb,7,,2004
LITOBRANCHA,Arthropoda,Insecta,Ephemeroptera,Ephemeridae,Litobrancha,,,,,bu,0,Addition,2004
METROBATES,Arthropoda,Insecta,Hemiptera,Gerridae,Metrobates,,,Predator,5,sk,,,2004
NASIAESCHNA,Arthropoda,Insecta,Odonata,Aeshnidae,Nasiaeschna,,,Predator,,"cb, cn",8,,2004
NOTERIDAE,Arthropoda,Insecta,Hemiptera,Noteridae,,,,,,,,,2004
PODONOMINAE,Arthropoda,Insecta,Diptera,Chironomidae,,,Podonominae,,7,,,,2004
SIPHLONURIDAE,Arthropoda,Insecta,Ephemeroptera,Siphlonuridae,,,,Collector,7,"sw, cb",7,,2004
STRATIOMYIDAE,Arthropoda,Insecta,Diptera,Stratiomyidae,,,,Collector,4,,,,2004
XENOCHIRONOMUS,Arthropoda,Insecta,Diptera,Chironomidae,Xenochironomus,Chironominae,Chironomini,Predator,7,bu,,,2004
DEMICRYPTOCHIRONOMUS,Arthropoda,Insecta,Diptera,Chironomidae,Demicryptochironomus,Chironominae,Chironomini,Collector,7,bu,2,Addition,2005
HYDROCHUS,Arthropoda,Insecta,Coleoptera,Hydrochidae,Hydrochus,,,Shredder,5,cb,4.1,Addition,2005
MEGALOPTERA,Arthropoda,Insecta,Megaloptera,,,,,,,,,,2005
RHITHROGENA,Arthropoda,Insecta,Ephemeroptera,Heptageniidae,Rhithrogena,,,Collector,,cn,0,Addition,2005
TUBIFEX,Annelida,Oligochaeta,Tubificida,Tubificidae,Tubifex,,,Collector,,,,Addition,2005
MOCHLONYX,Arthropoda,Insecta,Diptera,Chaoboridae,Mochlonyx,,,,,,,"Added Nov 6 07 by DB; No ecological information available, addition",2006
NAUCORIDAE,Arthropoda,Insecta,Hemiptera,Naucoridae,,,,Predator,5,"cb, sw",5,,2006
PELOCORIS,Arthropoda,Insecta,Hemiptera,Naucoridae,Pelocoris,,,Predator,,,7,"Added on 6 Nov 07 by DB. Tol val from RBP Appendix B/MACS, addition",2006
PISCICOLIDAE,Annelida,Hirudinea,Rhynchobdellida,Piscicolidae,,,,,7,,7,,2006
QUISTRADRILUS,Annelida,Oligochaeta,Tubificida,Tubificidae,Quistadrilus,,,,,,,"Entered on Nov 6 07 by DB; no ecological information available, addition",2006
CALAMOCERATIDAE,Arthropoda,Insecta,Trichoptera,Calamoceratidae,,,,,3,,3,,2007
CANTOPELOPIA,Arthropoda,Insecta,Diptera,Chironomidae,Cantopelopia,Tanypodinae,,,7,,,"Added 6 Nov 06 by DB; no ecological data available, addition",2007
CELINA,Arthropoda,Insecta,Coleoptera,Dytiscidae,Celina,,,Predator,5,"sw, dv",5,"Added 6 Nov 06 by DB, addition",2007
CHAOBORIDAE,Arthropoda,Insecta,Diptera,Chaoboridae,,,,,,,,,2007
CHRYSOMELIDAE,Arthropoda,Insecta,Coleoptera,Chrysomelidae,,,,Shredder,,cn,,,2007
DUGESIIDAE,Platyhelminthes,Turbellaria,Tricladida,Dugesiidae,,,,,,,,"Added 6 Nov 07 DB; no ecological data, split from Planaridae",2007
EPITHECA,Arthropoda,Insecta,Odonata,Corduliidae,Epitheca,,,Predator,,,4,,2007
GIRARDIA,Platyhelminthes,Turbellaria,Tricladida,Dugesiidae,Girardia,,,Predator,6,sp,9.3,Change to Girardia from Dugesia per EF's memo in 2007,2007
GONIOBASIS,Mollusca,Gastropoda,Neotaenioglossa,Pleuroceridae,Goniobasis,Mollusca,,Scraper,6,cb,10,Change to Goniobasis from Elimia per EF's memo in 2007,2007
LEPTOHYPHIDAE,Arthropoda,Insecta,Ephemeroptera,Leptohyphidae,,,,Collector,6,"cn, sp",6,Change to Leptohyphidae from Tricorythidae per EF's memo of 2007,2007
LYMNAEA,Mollusca,Gastropoda,Basommatophora,Lymnaeidae,Lymnaea,Mollusca,,Scraper,6,cb,6.9,,2007
NEPIDAE,Arthropoda,Insecta,Hemiptera,Nepidae,,,,Predator,,,,,2007
OPHIOGOMPHUS,Arthropoda,Insecta,Odonata,Gomphidae,Ophiogomphus,,,Predator,5,bu,6.2,Added 6 Nov 06 by DB; addition,2007
PHYSELLA,Mollusca,Gastropoda,Basommatophora,Physidae,Physella,Mollusca,,Scraper,8,cb,8,,2007
PLAUDITUS,Arthropoda,Insecta,Ephemeroptera,Baetidae,Plauditus,,,Collector,,"sw, cn",,"Added on 6 Nov 07 by DB, addition due to key change, split",2007
PLEUROCERIDAE,Mollusca,Gastropoda,Mesogastropoda,Pleuroceridae,,,,,6,,6,,2007
PTERONARCYIDAE,Arthropoda,Insecta,Plecoptera,Pteronarcyidae,,,,,2,,2,,2007
TETRAGONEURIA,Arthropoda,Insecta,Odonata,Corduliidae,Tetragoneuria,,,Predator,,sp,8.5,"Added 6 November 07 DB, addition",2007
TRICORYTHODES,Arthropoda,Insecta,Ephemeroptera,Leptohyphidae,Tricorythodes,,,Collector,,"sp, cn",4,"Added 6 November 07 DB, addition",2007
BIVALVIA,Mollusca,Bivalvia,0,,,,,,,,,,2008
DANNELLA,Arthropoda,Insecta,Ephemeroptera,Ephemerellidae,Dannella,,,Collector,2,"cn, sp",2,"Added 7 Oct 2008 MTK, addition",2008
EPHEMERIDAE,Arthropoda,Insecta,Ephemeroptera,Ephemeridae,,,,,4,,,,2008
EPIAESCHNA,Arthropoda,Insecta,Odonata,Aeshnidae,Epiaeschna,,,Predator,3,"cb, cn",3,"Added 7 Oct 2008 MTK, addition",2008
EPOICOCLADIUS,Arthropoda,Insecta,Diptera,Chironomidae,Epoicocladius,Orthocladiinae,,Collector,7,bu,7,"Added 7 Oct 2008 MTK, addition",2008
HETEROCLOEON,Arthropoda,Insecta,Ephemeroptera,Baetidae,Heterocloeon,,,Scraper,5,"sw, cn",5,"Added 7 Oct 2008 MTK, addition",2008
LESTIDAE,Arthropoda,Insecta,Odonata,Lestidae,,,,Predator,,,,,2008
MACCAFFERTIUM,Arthropoda,Insecta,Ephemeroptera,Heptageniidae,Maccaffertium,,,Scraper,3,cn,3,Changed from Stenonema to Maccaffertium,2008
MACROSTEMUM,Arthropoda,Insecta,Trichoptera,Hydropsychidae,Macrostemum,Macronematinae,Macronematini,Filterer,5,cn,3,"Added 7 Oct 2008 MTK, addition",2008
NEOPOROUS,Arthropoda,Insecta,Coleoptera,Dytiscidae,Neoporus,,,Predator,5,"sw, cb",5,Changed from Hydroporous to Neoporus,2008
NEOPORUS,Arthropoda,Insecta,Coleoptera,Dytiscidae,Neoporus,,,Predator,5,"sw, cb",5,,2008
PETROPHILA,Arthropoda,Insecta,Lepidoptera,Crambidae,Petrophila,Nymphulinae,Argyractini,Scraper,5,"cb, sw",5,"Added 7 Oct 2008 MTK, addition",2008
STYGOBROMUS,Arthropoda,Malacostraca,Amphipoda,Crangonyctidae,Stygobromus,,,Collector,4,,4,"Added 7 Oct 2008 MTK, name change from Stygonectes",2008
TAENIONEMA,Arthropoda,Insecta,Plecoptera,Taeniopterygidae,Taenionema,,,Scraper,2,"sp, cn",2,"Added 7 Oct 2008 MTK, name change from Oemopteryx",2008
CERATOPSYCHE,Arthropoda,Insecta,Trichoptera,Hydropsychidae,Ceratopsyche,,,Collector,,cn,,"Added Sept 2009 by  MTK, name change from Hydropsyche, then back to Hydropsyche",2009
DIBUSA,Arthropoda,Insecta,Trichoptera,Hydroptilidae,Dibusa,,,Predator,,cn,,"Added Sept 2009 by  MTK, addition",2009
GAMMARIDAE,Arthropoda,Malacostraca,Amphipoda,Gammaridae,,,,,6,,6,,2009
LETHOCERUS,Arthropoda,Insecta,Hemiptera,Belostomatidae,Lethocerus,,,Predator,,sw,,"Added Sept 2009 by  MTK, addition",2009
CALOPTERYGIDAE,Arthropoda,Insecta,Odonata,Calopterygidae,,,,Predator,5,,6,,2010
CYRNELLUS,Arthropoda,Insecta,Trichoptera,Polycentropodidae,Cyrnellus,,,Collector,6,cn,7.4,"Added Sept 2010 by MTK, addition",2010
GYRINIDAE,Arthropoda,Insecta,Coleoptera,Gyrinidae,,,,Predator,4,,4,,2010
MONODIAMESA,Arthropoda,Insecta,Diptera,Chironomidae,Monodiamesa,,,Shredder,7,sp,7,"Added Sept 2010 by MTK, addition",2010
NEOPLASTA,Arthropoda,Insecta,Diptera,Empididae,Neoplasta,,,Predator,6,"sp, bu",,"Added Sept 2010 by MTK, addition",2010
PALAEAGAPETUS,Arthropoda,Insecta,Trichoptera,Hydroptilidae,Palaeagapetus,,,Shredder,,sp,,"Added Sept 2010 by MTK, addition",2010
PENELOMAX,Arthropoda,Insecta,Ephemeroptera,Ephemerellidae,Penelomax,,,Collector,,,2,"Added Sept 2010 by MTK, addition",2010
DYTISCUS,Arthropoda,Insecta,Coleoptera,Dytiscidae,Dytiscus,,,Predator,5,"sw, dv",5,,2011
MACROMIIDAE,Arthropoda,Insecta,Odonata,Macromiidae,,,,Predator,,sp,,"Added Jan 2011 by MTK, new family",2011
PISIDIIDAE,Mollusca,Bivalvia,Veneroida,Pisidiidae,,,,Filterer,,bu,6.5,Formerly Sphaeridae,2011
PROTOPTILA,Arthropoda,Insecta,Trichoptera,Glossosomatidae,Protoptila,,,Scraper,,cn,2.8,"Added Oct 2011 by MTK, addition",2011
TELOGANOPSIS,Arthropoda,Insecta,Ephemeroptera,Ephemerellidae,Teloganopsis,,,Collector,,,,"Added Oct 2011 by MTK, addition from Serratella deficiens",2011
PARACLOEODES,Arthropoda,Insecta,Ephemeroptera,Baetidae,Paracloeodes,,,Scraper,,,,"Added Aug 2012 by MTK, addition",2012
PSEUDOCLOEON,Arthropoda,Insecta,Ephemeroptera,Baetidae,Pseudocloeon,,,Scraper,,"sw,cn",4,"Added Aug 2012 by MTK, addition from key change, split",2012
STACTOBIELLA,Arthropoda,Insecta,Trichoptera,Hydroptilidae,Stactobiella,,,Shredder,4,"cb,sp",2,"Added Sept. 7, 2017, addition",2012
ANACAENA,Arthropoda,Insecta,Coleoptera,Hydrophilidae,Anacaena,,,,,bu,5,"Added March 2013 by MTK, addition",2013
BETHBILBECKIA,Arthropoda,Insecta,Diptera,Chironomidae,Bethbilbeckia,,,,7,,,"Added April 2013 by MTK, addition",2013
HETEROTANYTARSUS,Arthropoda,Insecta,Diptera,Chironomidae,Heterotanytarsus,,,,7,,,"Added April 2013 by MTK, addition",2013
BOLOTOPERLA,Arthropoda,Insecta,Plecoptera,Taeniopterygidae,Bolotoperla,,,Shredder,,"sp, cn",,"Added April 2014 by MTK, addition",2014
ENDOTRIBELOS,Arthropoda,Insecta,Diptera,Chironomidae,Endotribelos,,Chironomini,Collector,7,"bu, cn",6,"Added Oct 2014 by MTK, addition",2014
GYMNOMETRIOCNEMUS,Arthropoda,Insecta,Diptera,Chironomidae,Gymnometriocnemus,,,Collector,7,sp,7,"Added May 2014 by MTK, addition",2014
MEROPELOPIA,Arthropoda,Insecta,Diptera,Chironomidae,Meropelopia,Tanypodinae,Pentaneurini,,7,,6.8,,2014
MESOVELIA,Arthropoda,Insecta,Hemiptera,Mesoveliidae,Mesovelia,,,Predator,,"sk, cb, sp",8,"Added February 2014 by MTK, addition",2014
MESOVELIIDAE,Arthropoda,Insecta,Hemiptera,Mesoveliidae,,,,Predator,6,cn,6,,2014
NEMATODA,Nematoda,0,0,,,,,,,,,,2014
NEOZAVRELIA,Arthropoda,Insecta,Diptera,Chironomidae,Neozavrelia,,Tanytarsini,,7,,,"Added April 2014 by MTK, addition",2014
OREOGETON,Arthropoda,Insecta,Diptera,Empididae,Oreogeton,,,Predator,6,"sp, bu",6,"Added February 2014 by MTK, addition",2014
STENOPELMUS,Arthropoda,Insecta,Coleoptera,Curculionidae,Stenopelmus,,,Shredder,,cn,6,"Added February 2014 by MTK, addition",2014
ANAFROPTILUM,Arthropoda,Insecta,Ephemeroptera,Baetidae,Anafroptilum,,,Collector,5,"sw, cn",2.3,"Changed from Centroptilum, split",2015
ANOPHELES,Arthropoda,Insecta,Diptera,Culicidae,Anopheles,,,Collector,8,sw,,,2015
BRYOPHAENOCLADIUS,Arthropoda,Insecta,Diptera,Chironomidae,Bryophaenocladius,Orthocladiinae,,Collector,7,sp,6,"Added Oct 2015 by MTK, addition",2015
KRENOSMITTIA,Arthropoda,Insecta,Diptera,Chironomidae,Krenosmittia,Orthocladiinae,,Collector,7,,1,"Added May 2015 by MTK, addition",2015
CRAMBIDAE,Arthropoda,Insecta,Lepidoptera,Crambidae,,Pyraloidea,,Shredder,,cb,,,2016
NEUROCORDULIA,Arthropoda,Insecta,Odonata,Corduliidae,Neurocordulia,,,Predator,3,,,"Added by ESF 2019, addition",2016
NYMPHOMYIA,Arthropoda,Insecta,Diptera,Nymphomyiidae,Nymphomyia,,,,,cn,,"Added by ESF 2019, addition",2016
SYMPOSIOCLADIUS,Arthropoda,Insecta,Diptera,Chironomidae,Symposiocladius,Orthocladiinae,,Predator,7,sp,4.8,,2016
ERPOBDELLA,Annelida,Hirudinea,Rhynchobdellida,Erpobdellidae,Erpobdella,,,Predator,8,,,"Added August 2017 by ESF, addition",2017
ERPOBDELLIDAE,Annelida,Hirudinea,Arhynchobdellida,Erpobdellidae,,,,Predator,10,sp,10,,2017
ISOGENOIDES,Arthropoda,Insecta,Plecoptera,Perlodidae,Isogenoides,,,Predator,,cn,0,"Added July 26, 2017, addition",2017
LABIOBAETIS,Arthropoda,Insecta,Ephemeroptera,Baetidae,Labiobaetis,,,Collector,,"sw,cn",6,"Added Sept. 7, 2017, change from Pseudocloeon",2017
MOLANNIDAE,Arthropoda,Insecta,Trichoptera,Molannidae,,,,,6,,6,,2017
NILOTHAUMA,Arthropoda,Insecta,Diptera,Chironomidae,Nilothauma,Chironominae,Chironomini,,7,,6.6,,2017
SMINTHURIDAE,Arthropoda,Collembola,Collembola,Sminthuridae,,,,,,,,,2017
ADICROPHLEPS,Arthropoda,Insecta,Trichoptera,Brachycentridae,Adicrophleps,,,,1,cn,,"Added by ESF 2019, addition",2018
BEZZIA/PALPOMYIA,Arthropoda,Insecta,Diptera,Ceratopogonidae,Bezzia/Palpomyia,,,Predator,6,bu,,"Lumping, added by ESF ",2018
FAXONIUS,Arthropoda,Malacostraca,Decapoda,Cambaridae,Faxonius,Crustacea,,Shredder,6,sp,2.8,Formerly Orconectes,2018
HABROPHLEBIODES,Arthropoda,Insecta,Ephemeroptera,Leptophlebiidae,Habrophlebiodes,,,Scraper,3,,,"Added by ESF 2019, addition",2018
PAGASTIELLA,Arthropoda,Insecta,Diptera,Chironomidae,Pagastiella,Chironominae,Chironomini,Collector,7,sp,,,2018
POLYCENTROPUS GROUP,Arthropoda,Insecta,Trichoptera,Polycentropodidae,Polycentropus group,,,Filterer,6,cn,1.1,"Lumping, added by ESF ",2018
POTAMOPYRGUS,Mollusca,Gastropoda,Littorinimorpha,Tateidae,Potamopyrgus,,,Scraper,,,,"Added by ESF 2019, addition",2018
MYXOSARGUS,Arthropoda,Insecta,Diptera,Stratiomyidae,Myxosargus,,Prosopochrysini,Collector,4,"sp, bu",,"Added by ESF 2019, addition",2019
PADUNIA,Arthropoda,Insecta,Trichoptera,Glossosomatidae,Padunia,,,Scraper,1,cn,,"Name change from Matrioptila in 2019, addition",2019
REMENUS,Arthropoda,Insecta,Plecoptera,Perlodidae,Remenus,,,,2,,,,2019
ACRICOTOPUS,Arthropoda,Insecta,Diptera,Chironomidae,Acricotopus,Orthocladiinae,,,7,,,"Added Jan 5,2021 by NWD",2020
NEOLEPTOPHLEBIA,Arthropoda,Insecta,Ephemeroptera,Leptophlebiidae,Neoleptophlebia,,,,,,,"added July 9, 2020 by NWD",2020
BEZZIA/PALPOMYIA/PROBEZZIA,Arthropoda,Insecta,Diptera,Ceratopogonidae,Bezzia/Palpomyia/Probezzia,,,Predator,6,bu,,,2021
CERATOPOGON/CULICOIDES/STILOBEZZIA,Arthropoda,Insecta,Diptera,Ceratopogonidae,Ceratopogon/Culicoides/Stilobezzia,,,Predator,6,"sp, bu",,,2021
NEOCLOEON,Arthropoda,Insecta,Ephemeroptera,Baetidae,Neocloeon,,,Collector,,"sw,cn",,,2021
PLECTROCNEMIA,Arthropoda,Insecta,Trichoptera,Polycentropodidae,Plectrocnemia,,,Filterer,6,cn,1.1,Split from Polycentropus,2021
CERATOPOGONINAE,Arthropoda,Insecta,Diptera,Ceratopogonidae,,Ceratopogoninae,,Predator,6,"sp, bu",3.6,,2022
DOITHRIX,Arthropoda,Insecta,Diptera,Chironomidae,Doithrix,Orthocladiinae,,,7,,,,2022
HYDROVATUS,Arthropoda,Insecta,Coleoptera,Dytiscidae,Hydrovatus,,,Predator,5,,,,2022
PARACRICOTOPUS,Arthropoda,Insecta,Diptera,Chironomidae,Paracricotopus,Orthocladiinae,,Collector,7,sp,,,2022
SCLEROPROCTA,Arthropoda,Insecta,Diptera,Limoniidae,Scleroprocta,,,Collector,,bu,,,2022
COLEOPTERA,Arthropoda,Insecta,Coleoptera,,,,,Predator,,,,,2023
CORETHRELLA,Arthropoda,Insecta,Diptera,Corethrellidae,Corethrella,,,Predator,,sw,,,2023
DOLICHOPEZA,Arthropoda,Insecta,Diptera,Tipulidae,Dolichopeza,,,Shredder,4,bu,,,2023
ELOEOPHILA,Arthropoda,Insecta,Diptera,Limoniidae,Eloeophila,,,Predator,,bu,,,2023
GOMPHURUS,Arthropoda,Insecta,Odonata,Gomphidae,Gomphurus,0,0,Predator,5,bu,2.2,0,2023
LAEVAPEX,Mollusca,Gastropoda,Lymnaeida,Planorbidae,Laevapex,Mollusca,,Scraper,7,cb,,"AA County Addition, confirmed by Neal",2023
MERYCOMYIA,Arthropoda,Insecta,Diptera,Tabanidae,Merycomyia,,,,6,"sp, bu",,,2023
ODONTOMYIA,Arthropoda,Insecta,Diptera,Stratiomyidae,Odontomyia,,,Collector,4,sp,7,,2023
ORTHOCLADIINAE C,Arthropoda,Insecta,Diptera,Chironomidae,Orthocladiinae C,Orthocladiinae,,Collector,7,,,,2023
PHANOGOMPHUS,Arthropoda,Insecta,Odonata,Gomphidae,Phanogomphus,,,Predator,5,bu,2.2,Phanogomphus split from Gomphus (Ware et al. 2017; MCB 2019),2023
PLEUROCERA,Mollusca,Gastropoda,Neotaenioglossa,Pleuroceridae,Pleurocera,,,,6,,,,2023
SIGARA,Arthropoda,Insecta,Hemiptera,Corixidae,Sigara,,,Collector,5,"sw, cb",9,,2023
STYLURUS,Arthropoda,Insecta,Odonata,Gomphidae,Stylurus,,,Predator,5,bu,,,2023
TRICHOCLINOCERA,Arthropoda,Insecta,Diptera,Empididae,Trichoclinocera,,,Predator,6,cn,,,2023
ULOMORPHA,Arthropoda,Insecta,Diptera,Tipulidae,Ulomorpha,,,Predator,,bu,,,2023
DICRANOMYIA,Arthropoda,Insecta,Diptera,Tipulidae,Dicranomyia,,,,4,"bu, sp",3,split from Limonia,2024
DIDYMOPS,Arthropoda,Insecta,Odonata,Macromiidae,Didymops,,,Predator,,sp,,,2024
ELLIPTEROIDES,Arthropoda,Insecta,Diptera,Tipulidae,Ellipteroides,,,Collector,4,bu,,,2024
ENTOMOBRYIDAE,Arthropoda,Collembola,Collembola,Entomobryidae,,,,Collector,,,,,2024
EPIPHRAGMA,Arthropoda,Insecta,Diptera,Tipulidae,Epiphragma,,,,4,,,,2024
FRENESIA,Arthropoda,Insecta,Trichoptera,Limnephilidae,Frenesia,,,Shredder,4,sp,,,2024
GERANOMYIA,Arthropoda,Insecta,Diptera,Tipulidae,Geranomyia,,,Shredder,4,"bu, sp",3,split from Limonia,2024
ILISIA,Arthropoda,Insecta,Diptera,Tipulidae,Ilisia,,,Collector,4,bu,,,2024
ILYBIUS,Arthropoda,Insecta,Coleoptera,Dytiscidae,Ilybius,,,Predator,5,sw,5,,2024
MONOPELOPIA,Arthropoda,Insecta,Diptera,Chironomidae,Monopelopia,Tanypodinae,,Predator,7,sp,,,2024
ORIMARGA,Arthropoda,Insecta,Diptera,Tipulidae,Orimarga,,,Shredder,4,bu,,,2024
PERITHEMIS,Arthropoda,Insecta,Odonata,Libellulidae,Perithemis,,,Predator,9,sp,4,,2024
